customer_id,full_name,email,plan_tier,payment_method,tenure_months,monthly_bill,support_calls_30d,dropped_call_rate,churned
CUST-1000,Rohan Kulkarni,user_1000@example.com,Basic,UPI,32,140.82,0,0.0455,0
CUST-1001,Neha Deshmukh,user_1001@example.com,Basic,UPI,40,135.9,0,0.1891,0
CUST-1002,Rohan Joshi,user_1002@example.com,Pro,Credit Card,13,128.86,2,0.012,1
CUST-1003,Rahul Iyer,user_1003@example.com,Basic,Credit Card,45,27.84,0,0.0505,0
CUST-1004,Neha Deshmukh,user_1004@example.com,Basic,Credit Card,17,152.54,3,0.1494,1
CUST-1005,Sneha Nair,user_1005@example.com,Pro,UPI,49,81.62,2,0.1815,0
CUST-1006,Neha Verma,user_1006@example.com,Pro,Credit Card,37,141.38,4,0.23,1
CUST-1007,Ananya Deshmukh,user_1007@example.com,Basic,Bank Transfer,6,122.4,1,0.1793,1
CUST-1008,Priya Nair,user_1008@example.com,Enterprise,UPI,19,84.98,3,0.1712,1
CUST-1009,Ananya Patel,user_1009@example.com,Pro,UPI,13,48.55,0,0.1046,0
CUST-1010,Vikram Sharma,user_1010@example.com,Basic,Credit Card,57,41.52,2,0.0103,0
CUST-1011,Pooja Mehta,user_1011@example.com,Pro,Bank Transfer,26,170.52,1,0.0388,0
CUST-1012,Amit Sharma,user_1012@example.com,Pro,UPI,14,185.72,1,0.1383,1
CUST-1013,Pooja Verma,user_1013@example.com,Basic,UPI,31,138.71,0,0.172,0
CUST-1014,Rohan Kulkarni,user_1014@example.com,Basic,Credit Card,54,43.1,1,0.1102,0
CUST-1015,Amit Verma,user_1015@example.com,Basic,UPI,4,95.35,0,0.1854,0
CUST-1016,Vikram Verma,user_1016@example.com,Pro,Credit Card,39,152.56,0,0.1352,0
CUST-1017,Rohan Deshmukh,user_1017@example.com,Basic,Credit Card,8,161.47,2,0.0278,1
CUST-1018,Amit Iyer,user_1018@example.com,Pro,UPI,25,45.69,0,0.0561,0
CUST-1019,Priya Kulkarni,user_1019@example.com,Pro,UPI,13,25.01,0,0.2116,0
CUST-1020,Amit Patel,user_1020@example.com,Basic,UPI,32,149.62,3,0.184,1
CUST-1021,Pooja Reddy,user_1021@example.com,Pro,Bank Transfer,59,87.4,2,0.2247,0
CUST-1022,Pooja Deshmukh,user_1022@example.com,Basic,UPI,38,69.53,1,0.0382,0
CUST-1023,Priya Kulkarni,user_1023@example.com,Pro,UPI,38,27.26,4,0.2477,1
CUST-1024,Rohan Nair,user_1024@example.com,Pro,Credit Card,56,119.55,2,0.0603,0
CUST-1025,Rahul Sharma,user_1025@example.com,Basic,Bank Transfer,28,173.95,3,0.0128,1
CUST-1026,Sneha Patel,user_1026@example.com,Basic,Credit Card,53,192.59,2,0.2494,1
CUST-1027,Neha Kulkarni,user_1027@example.com,Basic,Bank Transfer,30,124.01,1,0.0775,0
CUST-1028,Priya Mehta,user_1028@example.com,Basic,UPI,3,115.03,2,0.1703,1
CUST-1029,Ananya Joshi,user_1029@example.com,Basic,Credit Card,28,39.88,3,0.0524,0
CUST-1030,Sneha Mehta,user_1030@example.com,Basic,UPI,3,121.05,2,0.1493,1
CUST-1031,Priya Joshi,user_1031@example.com,Enterprise,Bank Transfer,45,91.5,1,0.227,0
CUST-1032,Priya Joshi,user_1032@example.com,Basic,UPI,54,131.25,2,0.0868,0
CUST-1033,Sneha Nair,user_1033@example.com,Basic,Bank Transfer,34,93.03,2,0.1709,0
CUST-1034,Rohan Reddy,user_1034@example.com,Pro,Bank Transfer,16,67.05,1,0.0551,0
CUST-1035,Neha Deshmukh,user_1035@example.com,Basic,UPI,22,41.62,1,0.16,0
CUST-1036,Priya Deshmukh,user_1036@example.com,Enterprise,Credit Card,32,80.11,0,0.0907,0
CUST-1037,Neha Joshi,user_1037@example.com,Pro,Bank Transfer,38,41.91,1,0.0607,0
CUST-1038,Amit Reddy,user_1038@example.com,Pro,UPI,8,55.96,0,0.0852,0
CUST-1039,Aarav Reddy,user_1039@example.com,Basic,Credit Card,55,197.78,2,0.0529,0
CUST-1040,Rohan Reddy,user_1040@example.com,Basic,Credit Card,8,102.72,2,0.2265,1
CUST-1041,Neha Sharma,user_1041@example.com,Basic,UPI,57,118.08,2,0.1053,0
CUST-1042,Neha Nair,user_1042@example.com,Pro,Bank Transfer,6,177.88,0,0.0689,0
CUST-1043,Rahul Sharma,user_1043@example.com,Basic,UPI,14,199.22,2,0.1176,1
CUST-1044,Neha Verma,user_1044@example.com,Basic,UPI,32,126.98,2,0.0869,0
CUST-1045,Rahul Sharma,user_1045@example.com,Enterprise,Credit Card,35,167.18,3,0.1887,1
CUST-1046,Vikram Joshi,user_1046@example.com,Basic,Credit Card,10,82.21,3,0.2431,1
CUST-1047,Rohan Joshi,user_1047@example.com,Basic,Bank Transfer,3,78.51,3,0.1151,1
CUST-1048,Amit Iyer,user_1048@example.com,Basic,Credit Card,59,95.47,2,0.2166,0
CUST-1049,Amit Nair,user_1049@example.com,Enterprise,Credit Card,12,142.69,2,0.1458,1
CUST-1050,Priya Sharma,user_1050@example.com,Basic,Credit Card,49,144.38,0,0.0477,0
CUST-1051,Rohan Iyer,user_1051@example.com,Pro,UPI,59,80.17,2,0.1757,0
CUST-1052,Neha Deshmukh,user_1052@example.com,Pro,Bank Transfer,31,48.31,2,0.1332,0
CUST-1053,Rahul Nair,user_1053@example.com,Basic,Credit Card,29,135.67,2,0.1661,1
CUST-1054,Ananya Verma,user_1054@example.com,Pro,UPI,5,47.46,0,0.2235,0
CUST-1055,Aarav Verma,user_1055@example.com,Basic,UPI,52,126.24,0,0.1157,0
CUST-1056,Vikram Verma,user_1056@example.com,Basic,Bank Transfer,25,146.35,2,0.2263,1
CUST-1057,Aarav Deshmukh,user_1057@example.com,Pro,Credit Card,41,147.61,1,0.1902,0
CUST-1058,Pooja Iyer,user_1058@example.com,Enterprise,UPI,31,156.86,2,0.1273,1
CUST-1059,Rohan Reddy,user_1059@example.com,Pro,Credit Card,21,177.75,2,0.1548,1
CUST-1060,Pooja Joshi,user_1060@example.com,Pro,Bank Transfer,58,112.49,4,0.0881,0
CUST-1061,Rahul Iyer,user_1061@example.com,Basic,UPI,20,152.79,0,0.2461,1
CUST-1062,Aarav Kulkarni,user_1062@example.com,Basic,Credit Card,39,133.36,1,0.1702,0
CUST-1063,Sneha Deshmukh,user_1063@example.com,Basic,UPI,22,57.66,0,0.0205,0
CUST-1064,Rohan Iyer,user_1064@example.com,Basic,UPI,4,29.5,0,0.0884,0
CUST-1065,Sneha Iyer,user_1065@example.com,Basic,Credit Card,13,74.79,0,0.1596,0
CUST-1066,Rahul Mehta,user_1066@example.com,Basic,Bank Transfer,45,102.53,1,0.0235,0
CUST-1067,Priya Joshi,user_1067@example.com,Basic,Credit Card,42,132.99,2,0.0157,0
CUST-1068,Amit Deshmukh,user_1068@example.com,Basic,UPI,50,173.74,0,0.118,0
CUST-1069,Ananya Kulkarni,user_1069@example.com,Pro,UPI,49,59.34,1,0.0898,0
CUST-1070,Pooja Iyer,user_1070@example.com,Pro,UPI,20,46.97,3,0.1152,1
CUST-1071,Amit Iyer,user_1071@example.com,Basic,Credit Card,52,193.61,1,0.073,0
CUST-1072,Aarav Sharma,user_1072@example.com,Enterprise,Bank Transfer,13,43.91,3,0.0495,0
CUST-1073,Amit Reddy,user_1073@example.com,Enterprise,UPI,17,108.74,3,0.1754,1
CUST-1074,Sneha Reddy,user_1074@example.com,Basic,UPI,54,127.47,2,0.1335,0
CUST-1075,Rahul Iyer,user_1075@example.com,Pro,UPI,36,119.74,1,0.058,0
CUST-1076,Ananya Nair,user_1076@example.com,Pro,UPI,33,40.06,1,0.0867,0
CUST-1077,Amit Deshmukh,user_1077@example.com,Pro,Credit Card,1,34.98,1,0.152,0
CUST-1078,Aarav Verma,user_1078@example.com,Basic,Credit Card,15,43.46,1,0.0273,0
CUST-1079,Pooja Nair,user_1079@example.com,Pro,Bank Transfer,13,127.48,0,0.0454,0
CUST-1080,Ananya Nair,user_1080@example.com,Basic,Credit Card,17,120.26,2,0.0276,0
CUST-1081,Amit Kulkarni,user_1081@example.com,Pro,UPI,24,65.9,1,0.205,0
CUST-1082,Aarav Sharma,user_1082@example.com,Pro,Bank Transfer,58,136.61,3,0.1906,1
CUST-1083,Pooja Kulkarni,user_1083@example.com,Pro,Credit Card,8,168.51,2,0.1908,1
CUST-1084,Rohan Patel,user_1084@example.com,Pro,UPI,50,32.28,2,0.1819,0
CUST-1085,Rahul Sharma,user_1085@example.com,Pro,UPI,27,112.17,0,0.1707,0
CUST-1086,Vikram Sharma,user_1086@example.com,Basic,UPI,45,145.63,2,0.1245,0
CUST-1087,Neha Sharma,user_1087@example.com,Basic,Credit Card,23,69.15,1,0.1641,0
CUST-1088,Aarav Patel,user_1088@example.com,Pro,Credit Card,46,78.86,3,0.0192,0
CUST-1089,Priya Mehta,user_1089@example.com,Basic,UPI,8,132.39,2,0.1592,1
CUST-1090,Rohan Deshmukh,user_1090@example.com,Basic,UPI,8,182.14,0,0.1967,1
CUST-1091,Aarav Sharma,user_1091@example.com,Basic,UPI,59,166.74,4,0.1301,1
CUST-1092,Rahul Patel,user_1092@example.com,Basic,UPI,26,127.05,2,0.0958,1
CUST-1093,Vikram Joshi,user_1093@example.com,Enterprise,Credit Card,47,152.79,3,0.0766,1
CUST-1094,Ananya Iyer,user_1094@example.com,Pro,UPI,59,88.84,0,0.1643,0
CUST-1095,Sneha Iyer,user_1095@example.com,Enterprise,Credit Card,13,137.17,1,0.1763,1
CUST-1096,Neha Sharma,user_1096@example.com,Pro,Bank Transfer,39,106.58,2,0.219,1
CUST-1097,Ananya Nair,user_1097@example.com,Basic,UPI,37,58.24,2,0.0922,0
CUST-1098,Vikram Kulkarni,user_1098@example.com,Basic,UPI,49,147.8,1,0.1947,0
CUST-1099,Priya Mehta,user_1099@example.com,Pro,Bank Transfer,28,122.38,1,0.1447,0
CUST-1100,Ananya Sharma,user_1100@example.com,Basic,Credit Card,25,87.76,1,0.2219,0
CUST-1101,Amit Mehta,user_1101@example.com,Enterprise,UPI,16,184.48,2,0.1367,1
CUST-1102,Rahul Kulkarni,user_1102@example.com,Pro,Credit Card,55,28.66,3,0.1342,0
CUST-1103,Sneha Verma,user_1103@example.com,Basic,Bank Transfer,2,80.26,3,0.1487,1
CUST-1104,Pooja Verma,user_1104@example.com,Enterprise,Credit Card,54,34.95,1,0.1898,0
CUST-1105,Rahul Kulkarni,user_1105@example.com,Pro,UPI,18,159.14,1,0.2415,1
CUST-1106,Rohan Kulkarni,user_1106@example.com,Pro,Bank Transfer,17,147.87,1,0.0277,0
CUST-1107,Amit Sharma,user_1107@example.com,Basic,Credit Card,30,82.99,3,0.0228,0
CUST-1108,Neha Iyer,user_1108@example.com,Basic,Credit Card,39,143.24,3,0.235,1
CUST-1109,Priya Nair,user_1109@example.com,Pro,UPI,13,94.29,2,0.1372,1
CUST-1110,Aarav Reddy,user_1110@example.com,Basic,UPI,32,157.34,1,0.1576,0
CUST-1111,Amit Patel,user_1111@example.com,Basic,Credit Card,50,104.48,0,0.1258,0
CUST-1112,Rohan Joshi,user_1112@example.com,Pro,Credit Card,29,97.15,1,0.0325,0
CUST-1113,Rahul Iyer,user_1113@example.com,Basic,Credit Card,46,188.58,1,0.1943,0
CUST-1114,Pooja Reddy,user_1114@example.com,Pro,Bank Transfer,30,68.9,1,0.1893,0
CUST-1115,Sneha Sharma,user_1115@example.com,Enterprise,UPI,18,46.08,2,0.0848,0
CUST-1116,Priya Sharma,user_1116@example.com,Enterprise,Credit Card,13,127.3,3,0.0835,1
CUST-1117,Vikram Deshmukh,user_1117@example.com,Basic,Credit Card,43,194.63,3,0.2111,1
CUST-1118,Rohan Reddy,user_1118@example.com,Enterprise,Credit Card,21,91.12,1,0.0274,0
CUST-1119,Amit Verma,user_1119@example.com,Basic,Credit Card,30,35.86,2,0.2215,0
CUST-1120,Rahul Verma,user_1120@example.com,Basic,UPI,21,84.38,1,0.0716,0
CUST-1121,Sneha Nair,user_1121@example.com,Pro,Credit Card,48,113.54,2,0.1523,0
CUST-1122,Ananya Nair,user_1122@example.com,Basic,Credit Card,55,53.34,0,0.2346,0
CUST-1123,Aarav Nair,user_1123@example.com,Basic,UPI,17,140.17,1,0.1727,1
CUST-1124,Sneha Sharma,user_1124@example.com,Pro,Credit Card,40,199.61,0,0.1095,0
CUST-1125,Neha Kulkarni,user_1125@example.com,Basic,UPI,19,104.05,1,0.1755,0
CUST-1126,Ananya Nair,user_1126@example.com,Basic,UPI,52,87.08,1,0.0926,0
CUST-1127,Sneha Verma,user_1127@example.com,Basic,UPI,15,95.12,1,0.0765,0
CUST-1128,Amit Verma,user_1128@example.com,Pro,UPI,9,45.15,0,0.2492,0
CUST-1129,Amit Patel,user_1129@example.com,Pro,UPI,52,179.57,2,0.1902,1
CUST-1130,Priya Patel,user_1130@example.com,Basic,Bank Transfer,10,97.59,1,0.1647,1
CUST-1131,Ananya Verma,user_1131@example.com,Basic,UPI,44,92.77,3,0.0953,0
CUST-1132,Amit Kulkarni,user_1132@example.com,Basic,UPI,31,140.45,0,0.0218,0
CUST-1133,Aarav Kulkarni,user_1133@example.com,Basic,UPI,53,102.36,1,0.0175,0
CUST-1134,Aarav Deshmukh,user_1134@example.com,Pro,UPI,23,138.44,4,0.143,1
CUST-1135,Sneha Nair,user_1135@example.com,Basic,Credit Card,52,35.75,1,0.1929,0
CUST-1136,Neha Iyer,user_1136@example.com,Basic,Credit Card,30,167.4,0,0.139,0
CUST-1137,Rahul Sharma,user_1137@example.com,Pro,Credit Card,33,189.59,1,0.2118,1
CUST-1138,Aarav Verma,user_1138@example.com,Pro,Bank Transfer,57,138.53,1,0.018,0
CUST-1139,Ananya Iyer,user_1139@example.com,Pro,UPI,52,192.05,2,0.098,0
CUST-1140,Ananya Mehta,user_1140@example.com,Basic,Bank Transfer,9,51.5,2,0.0669,0
CUST-1141,Ananya Verma,user_1141@example.com,Basic,UPI,54,108.55,3,0.1173,0
CUST-1142,Ananya Nair,user_1142@example.com,Basic,UPI,47,130.32,3,0.0274,0
CUST-1143,Priya Deshmukh,user_1143@example.com,Basic,Credit Card,1,126.8,2,0.239,1
CUST-1144,Aarav Sharma,user_1144@example.com,Pro,UPI,44,95.26,1,0.0636,0
CUST-1145,Vikram Verma,user_1145@example.com,Pro,UPI,35,84.16,3,0.2314,1
CUST-1146,Sneha Verma,user_1146@example.com,Pro,Bank Transfer,11,47.19,1,0.1122,0
CUST-1147,Aarav Sharma,user_1147@example.com,Pro,Credit Card,34,93.55,1,0.2465,0
CUST-1148,Vikram Mehta,user_1148@example.com,Basic,UPI,16,53.47,1,0.143,0
CUST-1149,Rahul Reddy,user_1149@example.com,Pro,UPI,9,153.51,1,0.2334,1
CUST-1150,Vikram Nair,user_1150@example.com,Basic,UPI,32,61.55,1,0.0113,0
CUST-1151,Aarav Deshmukh,user_1151@example.com,Pro,UPI,15,35.25,0,0.1896,0
CUST-1152,Rahul Sharma,user_1152@example.com,Basic,UPI,12,121.66,3,0.2267,1
CUST-1153,Sneha Deshmukh,user_1153@example.com,Basic,Credit Card,33,129.17,3,0.0435,1
CUST-1154,Rohan Sharma,user_1154@example.com,Basic,UPI,45,177.58,3,0.0331,1
CUST-1155,Rahul Patel,user_1155@example.com,Enterprise,UPI,14,125.97,2,0.1119,1
CUST-1156,Amit Joshi,user_1156@example.com,Basic,Bank Transfer,57,85.46,1,0.2341,0
CUST-1157,Ananya Joshi,user_1157@example.com,Basic,UPI,57,165.53,1,0.1402,0
CUST-1158,Rahul Nair,user_1158@example.com,Basic,Credit Card,8,119.55,1,0.1366,1
CUST-1159,Neha Patel,user_1159@example.com,Pro,Credit Card,8,38.87,2,0.0439,0
CUST-1160,Ananya Iyer,user_1160@example.com,Pro,Bank Transfer,27,124.02,0,0.0102,0
CUST-1161,Priya Joshi,user_1161@example.com,Pro,UPI,12,183.9,0,0.2044,1
CUST-1162,Priya Joshi,user_1162@example.com,Basic,Bank Transfer,1,94.35,2,0.031,1
CUST-1163,Aarav Nair,user_1163@example.com,Pro,Credit Card,43,76.86,0,0.1621,0
CUST-1164,Aarav Reddy,user_1164@example.com,Basic,UPI,40,50.11,4,0.2295,1
CUST-1165,Ananya Iyer,user_1165@example.com,Pro,UPI,42,51.5,0,0.0601,0
CUST-1166,Pooja Iyer,user_1166@example.com,Pro,Bank Transfer,51,100.74,0,0.1697,0
CUST-1167,Pooja Verma,user_1167@example.com,Basic,Credit Card,11,129.24,1,0.0289,0
CUST-1168,Priya Reddy,user_1168@example.com,Basic,UPI,39,39.11,1,0.1549,0
CUST-1169,Neha Joshi,user_1169@example.com,Basic,UPI,43,189.42,4,0.0493,1
CUST-1170,Rohan Reddy,user_1170@example.com,Basic,Credit Card,31,157.15,1,0.1866,1
CUST-1171,Sneha Kulkarni,user_1171@example.com,Basic,UPI,17,127.66,1,0.0823,0
CUST-1172,Aarav Nair,user_1172@example.com,Pro,UPI,33,169.98,2,0.1212,1
CUST-1173,Rahul Iyer,user_1173@example.com,Basic,Bank Transfer,32,39.03,1,0.1539,0
CUST-1174,Priya Patel,user_1174@example.com,Basic,UPI,58,108.45,5,0.0511,1
CUST-1175,Rohan Mehta,user_1175@example.com,Basic,Credit Card,29,135.27,3,0.188,1
CUST-1176,Rahul Reddy,user_1176@example.com,Basic,Credit Card,21,170.01,4,0.0826,1
CUST-1177,Pooja Mehta,user_1177@example.com,Enterprise,UPI,21,162.11,2,0.169,1
CUST-1178,Pooja Joshi,user_1178@example.com,Basic,Credit Card,40,73.49,1,0.048,0
CUST-1179,Ananya Sharma,user_1179@example.com,Pro,UPI,23,189.65,1,0.1751,1
CUST-1180,Sneha Joshi,user_1180@example.com,Pro,Credit Card,56,46.76,2,0.0408,0
CUST-1181,Ananya Mehta,user_1181@example.com,Pro,Bank Transfer,6,178.15,1,0.1121,1
CUST-1182,Vikram Sharma,user_1182@example.com,Enterprise,Bank Transfer,22,194.91,2,0.0693,1
CUST-1183,Neha Deshmukh,user_1183@example.com,Basic,UPI,50,56.0,2,0.1896,0
CUST-1184,Vikram Iyer,user_1184@example.com,Enterprise,Bank Transfer,38,151.36,1,0.0729,0
CUST-1185,Sneha Mehta,user_1185@example.com,Basic,UPI,37,32.05,1,0.2216,0
CUST-1186,Sneha Verma,user_1186@example.com,Basic,UPI,45,95.95,1,0.224,0
CUST-1187,Rohan Nair,user_1187@example.com,Pro,Credit Card,51,115.35,3,0.0571,0
CUST-1188,Sneha Patel,user_1188@example.com,Enterprise,UPI,54,126.61,1,0.1573,0
CUST-1189,Pooja Verma,user_1189@example.com,Pro,UPI,8,188.79,2,0.0311,1
CUST-1190,Aarav Nair,user_1190@example.com,Basic,Bank Transfer,41,142.64,3,0.104,1
CUST-1191,Rahul Joshi,user_1191@example.com,Basic,UPI,49,109.22,1,0.1812,0
CUST-1192,Rohan Joshi,user_1192@example.com,Enterprise,Bank Transfer,35,166.69,0,0.1683,0
CUST-1193,Vikram Joshi,user_1193@example.com,Basic,UPI,51,191.34,3,0.1599,1
CUST-1194,Vikram Iyer,user_1194@example.com,Pro,Credit Card,11,28.86,2,0.0778,0
CUST-1195,Amit Deshmukh,user_1195@example.com,Pro,Bank Transfer,24,196.94,1,0.1007,1
CUST-1196,Aarav Joshi,user_1196@example.com,Basic,UPI,49,40.07,2,0.0347,0
CUST-1197,Pooja Sharma,user_1197@example.com,Basic,Credit Card,21,167.52,0,0.1826,0
CUST-1198,Priya Mehta,user_1198@example.com,Basic,UPI,51,74.06,0,0.1309,0
CUST-1199,Amit Nair,user_1199@example.com,Basic,Credit Card,2,48.13,0,0.1801,0
CUST-1200,Vikram Sharma,user_1200@example.com,Enterprise,UPI,40,101.97,2,0.0697,0
CUST-1201,Rohan Deshmukh,user_1201@example.com,Basic,UPI,19,137.69,0,0.0879,0
CUST-1202,Ananya Iyer,user_1202@example.com,Enterprise,UPI,39,91.67,2,0.0902,0
CUST-1203,Rahul Joshi,user_1203@example.com,Basic,Bank Transfer,28,34.55,1,0.0162,0
CUST-1204,Rahul Deshmukh,user_1204@example.com,Enterprise,UPI,59,129.91,1,0.0919,0
CUST-1205,Ananya Reddy,user_1205@example.com,Basic,Credit Card,17,182.92,3,0.2028,1
CUST-1206,Vikram Sharma,user_1206@example.com,Basic,UPI,6,92.06,1,0.2254,1
CUST-1207,Sneha Deshmukh,user_1207@example.com,Basic,Bank Transfer,19,62.86,1,0.1344,0
CUST-1208,Pooja Joshi,user_1208@example.com,Pro,Credit Card,56,102.45,0,0.1193,0
CUST-1209,Vikram Iyer,user_1209@example.com,Pro,Credit Card,38,33.46,4,0.0174,0
CUST-1210,Sneha Sharma,user_1210@example.com,Pro,Credit Card,28,168.59,0,0.221,0
CUST-1211,Vikram Iyer,user_1211@example.com,Basic,Credit Card,2,169.61,4,0.0131,1
CUST-1212,Pooja Joshi,user_1212@example.com,Basic,UPI,38,127.9,1,0.2367,0
CUST-1213,Ananya Deshmukh,user_1213@example.com,Pro,UPI,55,86.79,2,0.1274,0
CUST-1214,Sneha Patel,user_1214@example.com,Basic,Credit Card,37,164.96,1,0.0921,0
CUST-1215,Sneha Joshi,user_1215@example.com,Basic,UPI,51,122.07,1,0.2318,0
CUST-1216,Pooja Verma,user_1216@example.com,Enterprise,Credit Card,52,169.54,1,0.0159,0
CUST-1217,Pooja Sharma,user_1217@example.com,Enterprise,Bank Transfer,4,135.51,1,0.1495,1
CUST-1218,Neha Deshmukh,user_1218@example.com,Enterprise,Bank Transfer,22,162.27,1,0.1417,1
CUST-1219,Sneha Nair,user_1219@example.com,Pro,Credit Card,26,129.75,1,0.0626,0
CUST-1220,Rohan Patel,user_1220@example.com,Basic,Bank Transfer,49,97.47,0,0.1129,0
CUST-1221,Aarav Kulkarni,user_1221@example.com,Basic,UPI,43,192.64,3,0.1665,1
CUST-1222,Neha Patel,user_1222@example.com,Pro,Credit Card,36,119.69,1,0.1845,0
CUST-1223,Rahul Sharma,user_1223@example.com,Pro,Credit Card,58,130.89,0,0.0102,0
CUST-1224,Aarav Verma,user_1224@example.com,Basic,UPI,13,63.59,3,0.2348,1
CUST-1225,Vikram Verma,user_1225@example.com,Basic,UPI,52,134.49,1,0.0495,0
CUST-1226,Aarav Sharma,user_1226@example.com,Basic,Bank Transfer,58,125.03,2,0.0661,0
CUST-1227,Neha Joshi,user_1227@example.com,Pro,UPI,32,57.35,1,0.0732,0
CUST-1228,Priya Verma,user_1228@example.com,Enterprise,Bank Transfer,17,35.43,2,0.0191,0
CUST-1229,Priya Verma,user_1229@example.com,Pro,UPI,41,130.76,1,0.0395,0
CUST-1230,Rohan Sharma,user_1230@example.com,Basic,UPI,36,158.65,2,0.2467,1
CUST-1231,Pooja Nair,user_1231@example.com,Enterprise,UPI,55,116.6,4,0.0857,1
CUST-1232,Pooja Joshi,user_1232@example.com,Pro,Credit Card,46,64.69,0,0.0377,0
CUST-1233,Pooja Patel,user_1233@example.com,Basic,UPI,19,141.64,1,0.0357,0
CUST-1234,Rahul Reddy,user_1234@example.com,Basic,UPI,58,39.02,0,0.1827,0
CUST-1235,Rohan Kulkarni,user_1235@example.com,Basic,Credit Card,35,102.32,0,0.2151,0
CUST-1236,Pooja Deshmukh,user_1236@example.com,Basic,UPI,46,53.59,2,0.0717,0
CUST-1237,Priya Nair,user_1237@example.com,Enterprise,Credit Card,40,57.28,0,0.015,0
CUST-1238,Sneha Reddy,user_1238@example.com,Basic,UPI,56,60.4,1,0.0635,0
CUST-1239,Vikram Reddy,user_1239@example.com,Enterprise,UPI,59,92.67,0,0.0236,0
CUST-1240,Sneha Joshi,user_1240@example.com,Basic,Credit Card,28,33.95,0,0.0348,0
CUST-1241,Vikram Reddy,user_1241@example.com,Basic,Credit Card,1,94.61,3,0.1136,1
CUST-1242,Neha Verma,user_1242@example.com,Basic,UPI,42,114.55,3,0.0652,0
CUST-1243,Aarav Verma,user_1243@example.com,Basic,Bank Transfer,18,109.58,1,0.1338,0
CUST-1244,Sneha Patel,user_1244@example.com,Basic,Credit Card,48,91.99,3,0.0708,0
CUST-1245,Aarav Iyer,user_1245@example.com,Enterprise,Bank Transfer,40,171.85,1,0.2357,1
CUST-1246,Neha Iyer,user_1246@example.com,Pro,Credit Card,33,50.43,5,0.2274,1
CUST-1247,Vikram Sharma,user_1247@example.com,Pro,Bank Transfer,12,113.5,1,0.146,1
CUST-1248,Rohan Iyer,user_1248@example.com,Basic,Bank Transfer,8,35.86,3,0.0951,1
CUST-1249,Amit Verma,user_1249@example.com,Basic,UPI,24,37.45,1,0.1015,0
CUST-1250,Amit Sharma,user_1250@example.com,Basic,UPI,16,125.43,2,0.1088,1
CUST-1251,Aarav Kulkarni,user_1251@example.com,Pro,UPI,50,124.05,1,0.1846,0
CUST-1252,Amit Mehta,user_1252@example.com,Basic,UPI,4,178.66,2,0.1184,1
CUST-1253,Rahul Sharma,user_1253@example.com,Basic,Credit Card,38,122.63,0,0.2156,0
CUST-1254,Sneha Reddy,user_1254@example.com,Pro,Credit Card,44,192.96,2,0.2366,1
CUST-1255,Rahul Reddy,user_1255@example.com,Basic,Credit Card,27,33.52,1,0.0906,0
CUST-1256,Rohan Kulkarni,user_1256@example.com,Basic,UPI,9,42.15,1,0.1446,0
CUST-1257,Rahul Joshi,user_1257@example.com,Basic,Credit Card,47,32.71,2,0.0328,0
CUST-1258,Vikram Deshmukh,user_1258@example.com,Enterprise,UPI,16,57.42,1,0.0581,0
CUST-1259,Rahul Reddy,user_1259@example.com,Pro,Bank Transfer,56,119.72,2,0.1092,0
CUST-1260,Sneha Deshmukh,user_1260@example.com,Basic,Credit Card,12,137.98,0,0.0595,0
CUST-1261,Sneha Deshmukh,user_1261@example.com,Basic,UPI,31,32.98,0,0.2204,0
CUST-1262,Rohan Reddy,user_1262@example.com,Enterprise,UPI,24,190.54,2,0.048,1
CUST-1263,Rohan Deshmukh,user_1263@example.com,Pro,UPI,55,172.38,1,0.1194,0
CUST-1264,Pooja Joshi,user_1264@example.com,Basic,Bank Transfer,14,76.91,1,0.1554,0
CUST-1265,Rohan Joshi,user_1265@example.com,Enterprise,Bank Transfer,45,38.51,4,0.176,1
CUST-1266,Vikram Verma,user_1266@example.com,Basic,Bank Transfer,25,54.73,2,0.1019,0
CUST-1267,Rohan Patel,user_1267@example.com,Pro,Credit Card,34,47.22,1,0.2186,0
CUST-1268,Amit Joshi,user_1268@example.com,Pro,UPI,3,46.57,1,0.1464,0
CUST-1269,Pooja Sharma,user_1269@example.com,Basic,UPI,58,115.75,1,0.1155,0
CUST-1270,Ananya Iyer,user_1270@example.com,Enterprise,Credit Card,24,68.02,2,0.0261,0
CUST-1271,Neha Joshi,user_1271@example.com,Pro,Bank Transfer,54,87.67,1,0.1215,0
CUST-1272,Amit Patel,user_1272@example.com,Pro,Credit Card,42,198.16,3,0.207,1
CUST-1273,Pooja Patel,user_1273@example.com,Basic,UPI,9,144.75,0,0.1575,0
CUST-1274,Vikram Deshmukh,user_1274@example.com,Basic,Credit Card,26,191.07,0,0.2097,1
CUST-1275,Ananya Verma,user_1275@example.com,Basic,UPI,20,49.95,4,0.1286,1
CUST-1276,Neha Sharma,user_1276@example.com,Pro,UPI,40,91.87,2,0.0384,0
CUST-1277,Ananya Kulkarni,user_1277@example.com,Basic,UPI,10,122.08,2,0.0133,1
CUST-1278,Aarav Iyer,user_1278@example.com,Pro,UPI,19,38.43,1,0.0828,0
CUST-1279,Amit Kulkarni,user_1279@example.com,Pro,Credit Card,3,25.73,3,0.1775,1
CUST-1280,Sneha Mehta,user_1280@example.com,Basic,UPI,24,142.33,3,0.1997,1
CUST-1281,Rahul Mehta,user_1281@example.com,Pro,Credit Card,5,137.32,2,0.081,1
CUST-1282,Rohan Joshi,user_1282@example.com,Basic,UPI,3,96.89,0,0.129,0
CUST-1283,Pooja Verma,user_1283@example.com,Enterprise,Bank Transfer,58,110.69,0,0.1111,0
CUST-1284,Rohan Verma,user_1284@example.com,Basic,UPI,27,97.7,0,0.1085,0
CUST-1285,Priya Joshi,user_1285@example.com,Basic,UPI,16,29.2,1,0.0655,0
CUST-1286,Sneha Nair,user_1286@example.com,Basic,UPI,49,83.69,0,0.0427,0
CUST-1287,Amit Iyer,user_1287@example.com,Basic,UPI,15,55.99,2,0.0572,0
CUST-1288,Aarav Verma,user_1288@example.com,Pro,Bank Transfer,35,42.22,0,0.0233,0
CUST-1289,Amit Sharma,user_1289@example.com,Pro,UPI,12,192.43,4,0.0576,1
CUST-1290,Amit Nair,user_1290@example.com,Pro,Credit Card,41,129.89,0,0.0122,0
CUST-1291,Aarav Mehta,user_1291@example.com,Basic,Credit Card,53,152.51,0,0.1605,0
CUST-1292,Vikram Mehta,user_1292@example.com,Basic,Credit Card,44,80.19,0,0.0859,0
CUST-1293,Pooja Deshmukh,user_1293@example.com,Basic,UPI,26,93.8,2,0.2436,1
CUST-1294,Ananya Deshmukh,user_1294@example.com,Pro,Credit Card,47,66.46,0,0.0565,0
CUST-1295,Vikram Kulkarni,user_1295@example.com,Enterprise,UPI,34,41.97,2,0.093,0
CUST-1296,Rahul Verma,user_1296@example.com,Basic,Credit Card,23,56.33,1,0.0959,0
CUST-1297,Sneha Reddy,user_1297@example.com,Basic,Credit Card,31,164.56,2,0.012,0
CUST-1298,Priya Reddy,user_1298@example.com,Pro,Bank Transfer,50,143.57,1,0.2114,0
CUST-1299,Aarav Sharma,user_1299@example.com,Pro,UPI,20,120.71,2,0.0177,0
CUST-1300,Vikram Mehta,user_1300@example.com,Pro,Credit Card,12,108.14,3,0.2356,1
CUST-1301,Ananya Verma,user_1301@example.com,Enterprise,UPI,23,186.43,0,0.2241,1
CUST-1302,Rohan Reddy,user_1302@example.com,Basic,Credit Card,4,37.73,3,0.1385,1
CUST-1303,Pooja Nair,user_1303@example.com,Basic,UPI,23,74.11,3,0.1405,1
CUST-1304,Ananya Nair,user_1304@example.com,Enterprise,UPI,48,86.24,2,0.1669,0
CUST-1305,Vikram Nair,user_1305@example.com,Pro,Credit Card,55,161.92,1,0.1029,0
CUST-1306,Pooja Kulkarni,user_1306@example.com,Basic,UPI,48,198.69,1,0.1653,0
CUST-1307,Pooja Nair,user_1307@example.com,Pro,UPI,1,67.12,3,0.0207,1
CUST-1308,Pooja Patel,user_1308@example.com,Pro,UPI,54,178.0,2,0.023,0
CUST-1309,Vikram Reddy,user_1309@example.com,Pro,Credit Card,25,170.36,1,0.1197,1
CUST-1310,Sneha Mehta,user_1310@example.com,Pro,Credit Card,2,64.32,2,0.1419,1
CUST-1311,Aarav Reddy,user_1311@example.com,Basic,Bank Transfer,30,94.88,0,0.2231,0
CUST-1312,Aarav Deshmukh,user_1312@example.com,Pro,Credit Card,3,96.69,0,0.0351,0
CUST-1313,Sneha Verma,user_1313@example.com,Pro,UPI,58,196.19,3,0.2074,1
CUST-1314,Ananya Patel,user_1314@example.com,Pro,UPI,21,56.66,1,0.0604,0
CUST-1315,Rahul Deshmukh,user_1315@example.com,Pro,UPI,25,164.85,2,0.1046,1
CUST-1316,Amit Patel,user_1316@example.com,Pro,Credit Card,20,83.48,1,0.086,0
CUST-1317,Pooja Nair,user_1317@example.com,Basic,Credit Card,49,152.9,1,0.106,0
CUST-1318,Priya Deshmukh,user_1318@example.com,Pro,UPI,52,98.5,1,0.0461,0
CUST-1319,Rohan Nair,user_1319@example.com,Pro,Credit Card,22,126.21,4,0.1309,1
CUST-1320,Aarav Mehta,user_1320@example.com,Pro,Credit Card,21,170.71,0,0.2024,1
CUST-1321,Aarav Patel,user_1321@example.com,Pro,Credit Card,33,165.73,1,0.116,0
CUST-1322,Aarav Deshmukh,user_1322@example.com,Pro,UPI,52,176.62,3,0.1277,1
CUST-1323,Pooja Reddy,user_1323@example.com,Basic,Bank Transfer,38,35.43,0,0.2137,0
CUST-1324,Ananya Sharma,user_1324@example.com,Pro,Credit Card,15,146.11,1,0.1795,1
CUST-1325,Aarav Patel,user_1325@example.com,Basic,Credit Card,58,49.5,1,0.1277,0
CUST-1326,Amit Verma,user_1326@example.com,Basic,Credit Card,58,97.77,0,0.0718,0
CUST-1327,Aarav Deshmukh,user_1327@example.com,Pro,UPI,46,121.0,3,0.2224,1
CUST-1328,Rohan Mehta,user_1328@example.com,Pro,UPI,52,95.48,0,0.1485,0
CUST-1329,Aarav Deshmukh,user_1329@example.com,Basic,UPI,15,115.93,2,0.0631,1
CUST-1330,Vikram Mehta,user_1330@example.com,Basic,UPI,46,199.39,0,0.0746,0
CUST-1331,Rahul Deshmukh,user_1331@example.com,Pro,UPI,25,48.66,2,0.2028,0
CUST-1332,Rohan Deshmukh,user_1332@example.com,Basic,Bank Transfer,21,143.2,1,0.0206,0
CUST-1333,Vikram Deshmukh,user_1333@example.com,Basic,UPI,24,94.3,3,0.2481,1
CUST-1334,Pooja Joshi,user_1334@example.com,Basic,Credit Card,57,48.28,3,0.0413,0
CUST-1335,Rahul Sharma,user_1335@example.com,Basic,Credit Card,58,52.78,2,0.2011,0
CUST-1336,Vikram Reddy,user_1336@example.com,Basic,Credit Card,5,191.12,3,0.1047,1
CUST-1337,Aarav Verma,user_1337@example.com,Basic,Credit Card,6,178.93,2,0.1281,1
CUST-1338,Sneha Sharma,user_1338@example.com,Basic,Bank Transfer,49,183.73,1,0.2214,0
CUST-1339,Aarav Nair,user_1339@example.com,Enterprise,UPI,43,198.52,0,0.1091,0
CUST-1340,Priya Nair,user_1340@example.com,Pro,Credit Card,48,61.46,2,0.139,0
CUST-1341,Rohan Joshi,user_1341@example.com,Pro,UPI,44,87.2,0,0.0218,0
CUST-1342,Pooja Patel,user_1342@example.com,Basic,UPI,47,142.11,1,0.0106,0
CUST-1343,Ananya Mehta,user_1343@example.com,Basic,Credit Card,23,109.67,0,0.0688,0
CUST-1344,Rahul Patel,user_1344@example.com,Pro,Credit Card,4,98.22,0,0.1733,0
CUST-1345,Aarav Mehta,user_1345@example.com,Basic,UPI,27,87.62,4,0.0391,1
CUST-1346,Vikram Reddy,user_1346@example.com,Basic,UPI,18,128.91,2,0.0373,1
CUST-1347,Aarav Iyer,user_1347@example.com,Pro,Credit Card,21,125.73,0,0.1086,0
CUST-1348,Vikram Deshmukh,user_1348@example.com,Pro,Credit Card,28,53.26,3,0.1655,1
CUST-1349,Priya Verma,user_1349@example.com,Basic,UPI,35,107.55,0,0.1809,0
CUST-1350,Rohan Mehta,user_1350@example.com,Basic,Credit Card,22,121.86,1,0.0528,0
CUST-1351,Priya Mehta,user_1351@example.com,Pro,UPI,40,124.8,2,0.0291,0
CUST-1352,Priya Patel,user_1352@example.com,Basic,UPI,23,61.77,2,0.2357,1
CUST-1353,Priya Verma,user_1353@example.com,Pro,Credit Card,3,154.9,1,0.0726,1
CUST-1354,Priya Kulkarni,user_1354@example.com,Pro,Bank Transfer,40,29.41,4,0.2148,1
CUST-1355,Amit Mehta,user_1355@example.com,Enterprise,UPI,50,87.1,1,0.2172,0
CUST-1356,Aarav Nair,user_1356@example.com,Basic,Credit Card,10,161.54,2,0.1954,1
CUST-1357,Rohan Joshi,user_1357@example.com,Pro,UPI,25,123.68,3,0.0505,1
CUST-1358,Rahul Sharma,user_1358@example.com,Pro,UPI,52,70.7,0,0.2072,0
CUST-1359,Vikram Kulkarni,user_1359@example.com,Basic,UPI,49,146.62,2,0.1946,0
CUST-1360,Pooja Nair,user_1360@example.com,Basic,Credit Card,8,124.29,1,0.1532,1
CUST-1361,Aarav Joshi,user_1361@example.com,Pro,Bank Transfer,55,164.34,1,0.0909,0
CUST-1362,Aarav Kulkarni,user_1362@example.com,Basic,UPI,11,153.63,1,0.073,1
CUST-1363,Neha Deshmukh,user_1363@example.com,Basic,Credit Card,5,131.77,1,0.0393,0
CUST-1364,Priya Mehta,user_1364@example.com,Basic,Credit Card,58,110.43,2,0.1323,0
CUST-1365,Vikram Patel,user_1365@example.com,Pro,Credit Card,45,48.31,2,0.1505,0
CUST-1366,Rahul Reddy,user_1366@example.com,Pro,UPI,53,70.73,1,0.0962,0
CUST-1367,Rohan Iyer,user_1367@example.com,Pro,Credit Card,55,98.34,2,0.1241,0
CUST-1368,Ananya Nair,user_1368@example.com,Basic,Credit Card,37,129.88,3,0.0972,1
CUST-1369,Sneha Nair,user_1369@example.com,Basic,Bank Transfer,56,114.9,2,0.1638,0
CUST-1370,Sneha Nair,user_1370@example.com,Pro,Credit Card,59,75.43,2,0.2263,0
CUST-1371,Amit Verma,user_1371@example.com,Basic,Credit Card,45,26.13,3,0.0493,0
CUST-1372,Rahul Patel,user_1372@example.com,Basic,Credit Card,38,111.84,1,0.1015,0
CUST-1373,Pooja Verma,user_1373@example.com,Pro,Credit Card,29,74.98,1,0.0438,0
CUST-1374,Rahul Deshmukh,user_1374@example.com,Enterprise,Credit Card,5,153.56,2,0.16,1
CUST-1375,Vikram Patel,user_1375@example.com,Pro,UPI,9,29.19,0,0.1849,0
CUST-1376,Pooja Mehta,user_1376@example.com,Pro,Credit Card,59,127.34,2,0.2337,0
CUST-1377,Vikram Mehta,user_1377@example.com,Enterprise,Credit Card,48,189.76,0,0.0769,0
CUST-1378,Aarav Deshmukh,user_1378@example.com,Basic,UPI,2,55.52,1,0.2381,1
CUST-1379,Amit Joshi,user_1379@example.com,Pro,UPI,1,107.54,0,0.0252,0
CUST-1380,Priya Sharma,user_1380@example.com,Enterprise,UPI,40,41.0,1,0.1547,0
CUST-1381,Pooja Reddy,user_1381@example.com,Basic,UPI,51,134.49,1,0.0237,0
CUST-1382,Pooja Reddy,user_1382@example.com,Pro,Credit Card,30,121.34,2,0.2245,1
CUST-1383,Amit Mehta,user_1383@example.com,Pro,UPI,11,96.29,1,0.1372,0
CUST-1384,Neha Sharma,user_1384@example.com,Pro,UPI,28,116.24,2,0.1706,1
CUST-1385,Pooja Kulkarni,user_1385@example.com,Pro,Credit Card,44,181.9,1,0.2096,0
CUST-1386,Aarav Nair,user_1386@example.com,Enterprise,Bank Transfer,12,59.35,2,0.0461,0
CUST-1387,Aarav Verma,user_1387@example.com,Pro,Credit Card,39,28.95,1,0.0193,0
CUST-1388,Sneha Nair,user_1388@example.com,Basic,UPI,26,175.79,1,0.2209,1
CUST-1389,Ananya Joshi,user_1389@example.com,Enterprise,Credit Card,13,126.0,1,0.0856,0
CUST-1390,Rohan Nair,user_1390@example.com,Basic,UPI,59,180.87,2,0.041,0
CUST-1391,Priya Joshi,user_1391@example.com,Basic,UPI,8,129.47,2,0.1224,1
CUST-1392,Neha Verma,user_1392@example.com,Basic,UPI,54,166.78,0,0.1536,0
CUST-1393,Rohan Verma,user_1393@example.com,Basic,Credit Card,28,100.19,1,0.0174,0
CUST-1394,Rohan Patel,user_1394@example.com,Basic,UPI,58,156.23,0,0.076,0
CUST-1395,Pooja Mehta,user_1395@example.com,Enterprise,UPI,30,184.78,4,0.0179,1
CUST-1396,Rahul Verma,user_1396@example.com,Pro,UPI,9,125.12,1,0.1109,1
CUST-1397,Amit Iyer,user_1397@example.com,Pro,UPI,39,56.64,2,0.2248,0
CUST-1398,Vikram Joshi,user_1398@example.com,Basic,UPI,31,72.04,1,0.2458,0
CUST-1399,Rohan Reddy,user_1399@example.com,Enterprise,UPI,58,59.76,0,0.1629,0
CUST-1400,Aarav Iyer,user_1400@example.com,Enterprise,Credit Card,21,68.2,0,0.0488,0
CUST-1401,Ananya Joshi,user_1401@example.com,Pro,UPI,56,78.62,4,0.2274,1
CUST-1402,Amit Sharma,user_1402@example.com,Basic,Credit Card,47,122.15,0,0.1339,0
CUST-1403,Sneha Reddy,user_1403@example.com,Basic,Bank Transfer,34,127.9,1,0.0469,0
CUST-1404,Sneha Joshi,user_1404@example.com,Basic,UPI,55,99.64,2,0.2312,0
CUST-1405,Rahul Reddy,user_1405@example.com,Basic,Bank Transfer,31,132.7,0,0.1918,0
CUST-1406,Priya Kulkarni,user_1406@example.com,Basic,Credit Card,52,39.28,0,0.1856,0
CUST-1407,Ananya Patel,user_1407@example.com,Enterprise,Bank Transfer,25,40.36,3,0.1802,1
CUST-1408,Neha Nair,user_1408@example.com,Basic,UPI,12,55.07,1,0.0581,0
CUST-1409,Aarav Verma,user_1409@example.com,Basic,UPI,1,115.66,0,0.0606,0
CUST-1410,Pooja Reddy,user_1410@example.com,Basic,UPI,55,62.45,2,0.1752,0
CUST-1411,Vikram Mehta,user_1411@example.com,Basic,Credit Card,22,74.57,2,0.0627,0
CUST-1412,Sneha Joshi,user_1412@example.com,Basic,UPI,40,95.05,3,0.1153,0
CUST-1413,Priya Nair,user_1413@example.com,Basic,UPI,37,167.08,0,0.1977,0
CUST-1414,Ananya Deshmukh,user_1414@example.com,Basic,Credit Card,47,27.43,0,0.1981,0
CUST-1415,Amit Sharma,user_1415@example.com,Pro,Credit Card,1,138.64,0,0.1188,0
CUST-1416,Vikram Mehta,user_1416@example.com,Enterprise,Bank Transfer,1,142.05,2,0.2001,1
CUST-1417,Vikram Mehta,user_1417@example.com,Basic,Bank Transfer,57,164.76,1,0.2113,0
CUST-1418,Ananya Iyer,user_1418@example.com,Basic,Bank Transfer,42,188.23,1,0.1671,0
CUST-1419,Sneha Nair,user_1419@example.com,Pro,UPI,54,28.52,1,0.0648,0
CUST-1420,Rohan Reddy,user_1420@example.com,Basic,Credit Card,42,51.91,1,0.0758,0
CUST-1421,Rohan Verma,user_1421@example.com,Basic,Credit Card,21,180.08,1,0.0856,1
CUST-1422,Rahul Nair,user_1422@example.com,Enterprise,Credit Card,15,105.24,0,0.038,0
CUST-1423,Vikram Kulkarni,user_1423@example.com,Basic,Credit Card,17,123.8,0,0.0756,0
CUST-1424,Neha Mehta,user_1424@example.com,Pro,Credit Card,22,141.03,1,0.0603,0
CUST-1425,Priya Kulkarni,user_1425@example.com,Pro,Credit Card,38,143.84,3,0.1193,1
CUST-1426,Sneha Mehta,user_1426@example.com,Basic,UPI,35,188.05,0,0.228,0
CUST-1427,Ananya Sharma,user_1427@example.com,Basic,Bank Transfer,45,199.47,0,0.0351,0
CUST-1428,Neha Mehta,user_1428@example.com,Pro,UPI,16,151.03,1,0.1829,1
CUST-1429,Rahul Reddy,user_1429@example.com,Basic,Bank Transfer,8,75.26,0,0.1749,0
CUST-1430,Priya Nair,user_1430@example.com,Basic,UPI,47,178.96,0,0.033,0
CUST-1431,Pooja Verma,user_1431@example.com,Pro,Credit Card,17,33.61,1,0.2314,0
CUST-1432,Vikram Mehta,user_1432@example.com,Pro,Credit Card,17,65.44,2,0.1464,0
CUST-1433,Pooja Mehta,user_1433@example.com,Basic,Credit Card,54,182.04,0,0.0973,0
CUST-1434,Sneha Verma,user_1434@example.com,Enterprise,Credit Card,26,69.83,0,0.1916,0
CUST-1435,Sneha Sharma,user_1435@example.com,Basic,UPI,13,63.61,5,0.0718,1
CUST-1436,Sneha Sharma,user_1436@example.com,Pro,Credit Card,17,49.17,1,0.1764,0
CUST-1437,Aarav Joshi,user_1437@example.com,Pro,Credit Card,38,175.34,0,0.0195,0
CUST-1438,Ananya Deshmukh,user_1438@example.com,Pro,Credit Card,17,112.51,0,0.2115,0
CUST-1439,Sneha Verma,user_1439@example.com,Basic,Bank Transfer,48,143.11,3,0.1176,1
CUST-1440,Aarav Mehta,user_1440@example.com,Enterprise,UPI,14,66.84,0,0.1628,0
CUST-1441,Priya Nair,user_1441@example.com,Basic,UPI,45,157.66,2,0.0631,0
CUST-1442,Pooja Deshmukh,user_1442@example.com,Pro,Credit Card,6,158.0,1,0.1725,1
CUST-1443,Rohan Joshi,user_1443@example.com,Basic,UPI,35,79.7,1,0.1953,0
CUST-1444,Priya Nair,user_1444@example.com,Basic,UPI,46,96.87,1,0.1236,0
CUST-1445,Priya Kulkarni,user_1445@example.com,Basic,UPI,14,61.7,2,0.1583,1
CUST-1446,Aarav Deshmukh,user_1446@example.com,Enterprise,Bank Transfer,47,195.9,1,0.1195,0
CUST-1447,Amit Sharma,user_1447@example.com,Enterprise,Credit Card,8,137.98,0,0.2246,1
CUST-1448,Amit Nair,user_1448@example.com,Basic,Bank Transfer,15,188.55,2,0.1295,1
CUST-1449,Ananya Iyer,user_1449@example.com,Basic,Bank Transfer,54,78.09,1,0.212,0
CUST-1450,Rahul Sharma,user_1450@example.com,Pro,Credit Card,27,161.83,1,0.2023,1
CUST-1451,Vikram Patel,user_1451@example.com,Basic,UPI,13,159.03,3,0.1085,1
CUST-1452,Vikram Nair,user_1452@example.com,Basic,Bank Transfer,49,146.04,2,0.0652,0
CUST-1453,Amit Patel,user_1453@example.com,Pro,Credit Card,31,193.99,2,0.1075,1
CUST-1454,Rahul Verma,user_1454@example.com,Pro,UPI,53,93.87,4,0.2083,1
CUST-1455,Aarav Nair,user_1455@example.com,Enterprise,Bank Transfer,56,47.88,3,0.0646,0
CUST-1456,Ananya Nair,user_1456@example.com,Basic,UPI,35,142.55,0,0.1359,0
CUST-1457,Amit Deshmukh,user_1457@example.com,Basic,Credit Card,6,152.63,2,0.2035,1
CUST-1458,Rahul Deshmukh,user_1458@example.com,Pro,UPI,5,125.64,1,0.0948,1
CUST-1459,Vikram Deshmukh,user_1459@example.com,Pro,Credit Card,22,61.19,1,0.1641,0
CUST-1460,Rahul Joshi,user_1460@example.com,Pro,UPI,58,113.28,1,0.069,0
CUST-1461,Sneha Reddy,user_1461@example.com,Pro,Credit Card,49,79.63,3,0.0362,0
CUST-1462,Pooja Reddy,user_1462@example.com,Basic,UPI,23,99.81,0,0.2007,0
CUST-1463,Priya Nair,user_1463@example.com,Pro,UPI,25,137.91,1,0.0338,0
CUST-1464,Neha Iyer,user_1464@example.com,Basic,UPI,34,155.41,4,0.0751,1
CUST-1465,Neha Verma,user_1465@example.com,Basic,UPI,26,65.64,1,0.2152,0
CUST-1466,Ananya Sharma,user_1466@example.com,Pro,UPI,47,95.93,2,0.0932,0
CUST-1467,Rohan Sharma,user_1467@example.com,Basic,UPI,5,72.1,2,0.2435,1
CUST-1468,Amit Sharma,user_1468@example.com,Basic,Credit Card,26,59.76,1,0.2451,0
CUST-1469,Aarav Iyer,user_1469@example.com,Enterprise,UPI,20,162.09,1,0.0744,0
CUST-1470,Priya Deshmukh,user_1470@example.com,Basic,Credit Card,6,184.12,4,0.0198,1
CUST-1471,Neha Nair,user_1471@example.com,Pro,Bank Transfer,6,89.79,2,0.1792,1
CUST-1472,Rahul Iyer,user_1472@example.com,Basic,Credit Card,59,156.47,2,0.1182,0
CUST-1473,Rahul Mehta,user_1473@example.com,Pro,UPI,50,181.97,2,0.0342,0
CUST-1474,Ananya Verma,user_1474@example.com,Basic,UPI,18,173.07,3,0.1798,1
CUST-1475,Rohan Verma,user_1475@example.com,Basic,UPI,4,56.99,2,0.0175,0
CUST-1476,Neha Joshi,user_1476@example.com,Enterprise,Credit Card,17,192.35,1,0.2188,1
CUST-1477,Sneha Sharma,user_1477@example.com,Pro,UPI,57,90.92,2,0.0433,0
CUST-1478,Sneha Iyer,user_1478@example.com,Basic,UPI,14,84.37,1,0.0406,0
CUST-1479,Sneha Mehta,user_1479@example.com,Basic,UPI,14,35.93,2,0.0522,0
CUST-1480,Amit Sharma,user_1480@example.com,Enterprise,Credit Card,13,110.08,2,0.2405,1
CUST-1481,Vikram Iyer,user_1481@example.com,Pro,UPI,7,44.08,2,0.1764,1
CUST-1482,Aarav Kulkarni,user_1482@example.com,Pro,UPI,44,68.49,2,0.2023,0
CUST-1483,Ananya Patel,user_1483@example.com,Pro,UPI,55,80.46,2,0.1054,0
CUST-1484,Pooja Deshmukh,user_1484@example.com,Basic,UPI,15,166.54,1,0.0907,1
CUST-1485,Pooja Sharma,user_1485@example.com,Basic,UPI,19,178.21,0,0.0663,0
CUST-1486,Ananya Mehta,user_1486@example.com,Pro,Credit Card,43,77.93,2,0.1254,0
CUST-1487,Sneha Nair,user_1487@example.com,Basic,Credit Card,47,175.27,0,0.1424,0
CUST-1488,Sneha Nair,user_1488@example.com,Basic,Credit Card,44,175.02,0,0.1616,0
CUST-1489,Neha Deshmukh,user_1489@example.com,Enterprise,Credit Card,35,158.81,2,0.0717,0
CUST-1490,Sneha Patel,user_1490@example.com,Pro,UPI,17,50.67,1,0.2377,0
CUST-1491,Rahul Verma,user_1491@example.com,Pro,UPI,35,145.81,0,0.0507,0
CUST-1492,Sneha Kulkarni,user_1492@example.com,Pro,Credit Card,19,190.38,0,0.2418,1
CUST-1493,Pooja Deshmukh,user_1493@example.com,Pro,Bank Transfer,20,144.44,1,0.0136,0
CUST-1494,Sneha Joshi,user_1494@example.com,Basic,Credit Card,36,83.03,1,0.1255,0
CUST-1495,Neha Mehta,user_1495@example.com,Basic,UPI,35,112.6,3,0.09,1
CUST-1496,Ananya Nair,user_1496@example.com,Basic,UPI,32,138.0,2,0.1178,1
CUST-1497,Rohan Joshi,user_1497@example.com,Basic,Credit Card,58,114.35,1,0.147,0
CUST-1498,Pooja Nair,user_1498@example.com,Pro,Credit Card,48,45.99,1,0.1145,0
CUST-1499,Priya Reddy,user_1499@example.com,Basic,UPI,44,79.61,4,0.1096,1
CUST-1500,Aarav Nair,user_1500@example.com,Basic,Credit Card,40,165.42,2,0.1859,1
CUST-1501,Sneha Kulkarni,user_1501@example.com,Basic,Bank Transfer,24,175.75,1,0.1746,1
CUST-1502,Vikram Nair,user_1502@example.com,Basic,UPI,17,49.03,1,0.21,0
CUST-1503,Vikram Nair,user_1503@example.com,Basic,Bank Transfer,7,191.67,1,0.07,1
CUST-1504,Pooja Sharma,user_1504@example.com,Basic,Credit Card,43,82.54,0,0.1563,0
CUST-1505,Pooja Reddy,user_1505@example.com,Basic,UPI,50,140.9,3,0.1504,1
CUST-1506,Ananya Verma,user_1506@example.com,Basic,UPI,1,156.57,2,0.0987,1
CUST-1507,Neha Reddy,user_1507@example.com,Basic,UPI,35,167.09,0,0.1267,0
CUST-1508,Ananya Iyer,user_1508@example.com,Pro,Credit Card,32,190.51,5,0.0853,1
CUST-1509,Aarav Deshmukh,user_1509@example.com,Basic,UPI,36,79.76,0,0.044,0
CUST-1510,Vikram Joshi,user_1510@example.com,Basic,UPI,13,175.24,1,0.0613,1
CUST-1511,Sneha Mehta,user_1511@example.com,Pro,UPI,6,48.05,3,0.0353,1
CUST-1512,Rohan Reddy,user_1512@example.com,Basic,Credit Card,58,148.38,1,0.1739,0
CUST-1513,Aarav Mehta,user_1513@example.com,Enterprise,Bank Transfer,14,154.85,2,0.1686,1
CUST-1514,Rohan Verma,user_1514@example.com,Pro,Credit Card,37,143.6,2,0.2381,1
CUST-1515,Neha Deshmukh,user_1515@example.com,Basic,UPI,48,69.16,1,0.1851,0
CUST-1516,Amit Deshmukh,user_1516@example.com,Pro,Bank Transfer,15,177.78,3,0.0225,1
CUST-1517,Amit Joshi,user_1517@example.com,Basic,UPI,47,54.55,1,0.2222,0
CUST-1518,Sneha Reddy,user_1518@example.com,Pro,UPI,4,34.39,2,0.217,1
CUST-1519,Vikram Joshi,user_1519@example.com,Basic,UPI,40,150.56,2,0.1164,0
CUST-1520,Amit Verma,user_1520@example.com,Enterprise,Bank Transfer,59,108.21,2,0.1506,0
CUST-1521,Sneha Reddy,user_1521@example.com,Basic,Credit Card,16,173.59,0,0.2443,1
CUST-1522,Pooja Mehta,user_1522@example.com,Pro,UPI,28,92.09,1,0.1378,0
CUST-1523,Priya Iyer,user_1523@example.com,Pro,UPI,16,54.45,4,0.2273,1
CUST-1524,Priya Patel,user_1524@example.com,Basic,UPI,4,171.38,0,0.0299,0
CUST-1525,Aarav Verma,user_1525@example.com,Basic,Credit Card,45,121.06,1,0.0559,0
CUST-1526,Ananya Nair,user_1526@example.com,Pro,UPI,26,58.11,0,0.1158,0
CUST-1527,Amit Iyer,user_1527@example.com,Pro,UPI,28,151.07,2,0.1503,1
CUST-1528,Sneha Mehta,user_1528@example.com,Basic,Credit Card,32,114.44,4,0.2059,1
CUST-1529,Vikram Nair,user_1529@example.com,Pro,Bank Transfer,45,130.75,3,0.2472,1
CUST-1530,Aarav Sharma,user_1530@example.com,Enterprise,Credit Card,2,105.66,0,0.1033,0
CUST-1531,Ananya Joshi,user_1531@example.com,Enterprise,Credit Card,31,170.02,1,0.0214,0
CUST-1532,Priya Deshmukh,user_1532@example.com,Basic,Credit Card,3,170.17,0,0.2023,1
CUST-1533,Aarav Iyer,user_1533@example.com,Pro,Credit Card,54,149.14,1,0.1551,0
CUST-1534,Aarav Kulkarni,user_1534@example.com,Basic,Bank Transfer,8,43.45,3,0.0577,1
CUST-1535,Amit Sharma,user_1535@example.com,Enterprise,Credit Card,24,171.8,0,0.1288,0
CUST-1536,Sneha Mehta,user_1536@example.com,Basic,UPI,15,142.43,3,0.1882,1
CUST-1537,Ananya Nair,user_1537@example.com,Basic,Credit Card,43,146.98,2,0.1949,1
CUST-1538,Aarav Iyer,user_1538@example.com,Pro,UPI,31,88.52,2,0.1299,0
CUST-1539,Aarav Iyer,user_1539@example.com,Basic,UPI,9,178.87,1,0.0833,1
CUST-1540,Rahul Nair,user_1540@example.com,Enterprise,Credit Card,39,151.94,2,0.2437,1
CUST-1541,Rahul Sharma,user_1541@example.com,Enterprise,Credit Card,45,44.7,1,0.1692,0
CUST-1542,Neha Verma,user_1542@example.com,Pro,Bank Transfer,2,96.36,1,0.108,0
CUST-1543,Priya Sharma,user_1543@example.com,Basic,Credit Card,8,180.12,6,0.0773,1
CUST-1544,Rahul Patel,user_1544@example.com,Pro,UPI,7,33.26,2,0.1855,1
CUST-1545,Priya Mehta,user_1545@example.com,Basic,Credit Card,56,193.25,1,0.0681,0
CUST-1546,Aarav Patel,user_1546@example.com,Basic,UPI,44,143.85,2,0.0512,0
CUST-1547,Ananya Verma,user_1547@example.com,Pro,Credit Card,51,135.49,0,0.1372,0
CUST-1548,Sneha Sharma,user_1548@example.com,Basic,UPI,39,72.35,0,0.0796,0
CUST-1549,Neha Iyer,user_1549@example.com,Basic,Credit Card,42,68.54,2,0.1609,0
CUST-1550,Rohan Verma,user_1550@example.com,Enterprise,Bank Transfer,57,189.86,2,0.0383,0
CUST-1551,Pooja Joshi,user_1551@example.com,Basic,Credit Card,16,77.2,1,0.1672,0
CUST-1552,Rahul Patel,user_1552@example.com,Basic,UPI,35,160.71,0,0.078,0
CUST-1553,Aarav Iyer,user_1553@example.com,Enterprise,UPI,30,93.8,1,0.0101,0
CUST-1554,Rohan Patel,user_1554@example.com,Basic,Credit Card,10,49.37,1,0.0405,0
CUST-1555,Rohan Nair,user_1555@example.com,Pro,UPI,38,26.88,0,0.2341,0
CUST-1556,Aarav Reddy,user_1556@example.com,Enterprise,Credit Card,18,120.25,1,0.2182,1
CUST-1557,Rohan Verma,user_1557@example.com,Enterprise,Bank Transfer,50,195.76,0,0.0661,0
CUST-1558,Neha Iyer,user_1558@example.com,Pro,Bank Transfer,5,89.6,1,0.1968,1
CUST-1559,Neha Mehta,user_1559@example.com,Basic,Bank Transfer,53,87.51,0,0.1561,0
CUST-1560,Amit Deshmukh,user_1560@example.com,Basic,Credit Card,29,85.22,5,0.243,1
CUST-1561,Rahul Verma,user_1561@example.com,Pro,UPI,39,116.1,4,0.0997,1
CUST-1562,Aarav Nair,user_1562@example.com,Enterprise,UPI,34,102.12,3,0.1736,1
CUST-1563,Priya Verma,user_1563@example.com,Pro,Bank Transfer,43,178.99,1,0.0252,0
CUST-1564,Neha Nair,user_1564@example.com,Basic,UPI,45,113.47,1,0.1051,0
CUST-1565,Sneha Kulkarni,user_1565@example.com,Basic,UPI,23,113.86,0,0.2413,0
CUST-1566,Vikram Mehta,user_1566@example.com,Basic,UPI,5,49.22,1,0.1394,0
CUST-1567,Vikram Iyer,user_1567@example.com,Pro,UPI,30,196.98,3,0.0791,1
CUST-1568,Priya Iyer,user_1568@example.com,Basic,Credit Card,6,68.75,2,0.0389,0
CUST-1569,Pooja Iyer,user_1569@example.com,Enterprise,UPI,56,37.84,0,0.1788,0
CUST-1570,Aarav Iyer,user_1570@example.com,Pro,UPI,58,141.05,1,0.1648,0
CUST-1571,Vikram Verma,user_1571@example.com,Basic,UPI,46,129.19,3,0.0997,1
CUST-1572,Rahul Kulkarni,user_1572@example.com,Pro,UPI,44,97.65,2,0.2382,0
CUST-1573,Priya Patel,user_1573@example.com,Basic,UPI,4,98.88,1,0.0153,0
CUST-1574,Aarav Deshmukh,user_1574@example.com,Pro,Credit Card,29,162.39,2,0.0829,1
CUST-1575,Sneha Joshi,user_1575@example.com,Pro,UPI,23,59.25,1,0.2311,0
CUST-1576,Priya Verma,user_1576@example.com,Pro,UPI,6,168.54,2,0.087,1
CUST-1577,Rohan Iyer,user_1577@example.com,Pro,UPI,32,138.53,2,0.0705,0
CUST-1578,Sneha Deshmukh,user_1578@example.com,Basic,Credit Card,42,98.32,0,0.1382,0
CUST-1579,Vikram Mehta,user_1579@example.com,Basic,Credit Card,18,105.16,2,0.2077,1
CUST-1580,Amit Patel,user_1580@example.com,Pro,Credit Card,15,69.91,1,0.0348,0
CUST-1581,Vikram Verma,user_1581@example.com,Basic,UPI,40,156.62,1,0.2363,1
CUST-1582,Sneha Joshi,user_1582@example.com,Basic,Credit Card,58,114.75,2,0.2008,0
CUST-1583,Ananya Nair,user_1583@example.com,Basic,UPI,32,81.15,1,0.0535,0
CUST-1584,Aarav Joshi,user_1584@example.com,Pro,Bank Transfer,9,129.31,1,0.1809,1
CUST-1585,Neha Iyer,user_1585@example.com,Basic,Credit Card,37,199.25,0,0.1024,0
CUST-1586,Aarav Patel,user_1586@example.com,Pro,UPI,10,101.17,1,0.1066,0
CUST-1587,Rahul Sharma,user_1587@example.com,Enterprise,UPI,20,186.12,2,0.198,1
CUST-1588,Amit Nair,user_1588@example.com,Basic,Bank Transfer,6,85.38,1,0.2411,1
CUST-1589,Priya Reddy,user_1589@example.com,Basic,UPI,48,34.58,3,0.0404,0
CUST-1590,Rohan Reddy,user_1590@example.com,Basic,UPI,56,60.74,2,0.111,0
CUST-1591,Ananya Mehta,user_1591@example.com,Enterprise,UPI,59,98.27,0,0.1254,0
CUST-1592,Sneha Joshi,user_1592@example.com,Basic,UPI,3,63.44,0,0.1003,0
CUST-1593,Pooja Patel,user_1593@example.com,Basic,UPI,42,25.04,2,0.0972,0
CUST-1594,Rohan Deshmukh,user_1594@example.com,Basic,Credit Card,11,185.13,3,0.0225,1
CUST-1595,Ananya Patel,user_1595@example.com,Pro,Bank Transfer,43,172.68,0,0.1745,0
CUST-1596,Vikram Joshi,user_1596@example.com,Basic,UPI,17,154.9,2,0.1147,1
CUST-1597,Sneha Reddy,user_1597@example.com,Pro,UPI,32,54.37,2,0.0568,0
CUST-1598,Ananya Patel,user_1598@example.com,Enterprise,Credit Card,4,46.06,2,0.2058,1
CUST-1599,Aarav Deshmukh,user_1599@example.com,Basic,UPI,4,36.83,0,0.2026,0
CUST-1600,Amit Mehta,user_1600@example.com,Pro,Credit Card,17,151.71,2,0.1267,1
CUST-1601,Pooja Iyer,user_1601@example.com,Basic,Bank Transfer,41,187.54,2,0.0816,1
CUST-1602,Vikram Joshi,user_1602@example.com,Enterprise,UPI,19,100.34,0,0.1631,0
CUST-1603,Ananya Deshmukh,user_1603@example.com,Pro,Credit Card,5,45.85,0,0.0792,0
CUST-1604,Amit Mehta,user_1604@example.com,Enterprise,UPI,32,114.67,1,0.0666,0
CUST-1605,Neha Patel,user_1605@example.com,Basic,UPI,22,86.05,1,0.1853,0
CUST-1606,Amit Deshmukh,user_1606@example.com,Basic,UPI,56,90.59,1,0.0197,0
CUST-1607,Rohan Joshi,user_1607@example.com,Basic,Credit Card,6,133.73,1,0.0327,0
CUST-1608,Aarav Joshi,user_1608@example.com,Basic,Credit Card,35,150.78,2,0.0116,0
CUST-1609,Vikram Joshi,user_1609@example.com,Basic,Credit Card,22,44.36,3,0.0467,0
CUST-1610,Priya Mehta,user_1610@example.com,Basic,Credit Card,1,31.23,1,0.0266,0
CUST-1611,Aarav Verma,user_1611@example.com,Basic,Bank Transfer,20,199.01,3,0.249,1
CUST-1612,Vikram Kulkarni,user_1612@example.com,Basic,Credit Card,22,65.73,2,0.0793,0
CUST-1613,Rahul Joshi,user_1613@example.com,Pro,UPI,48,34.42,3,0.0458,0
CUST-1614,Vikram Nair,user_1614@example.com,Basic,Credit Card,55,58.23,2,0.0678,0
CUST-1615,Sneha Sharma,user_1615@example.com,Basic,UPI,11,31.82,4,0.2347,1
CUST-1616,Rohan Nair,user_1616@example.com,Basic,UPI,13,93.57,2,0.1348,1
CUST-1617,Rahul Mehta,user_1617@example.com,Basic,Bank Transfer,59,165.42,1,0.0976,0
CUST-1618,Priya Iyer,user_1618@example.com,Enterprise,Credit Card,42,84.72,1,0.2196,0
CUST-1619,Neha Mehta,user_1619@example.com,Basic,UPI,3,102.73,0,0.1048,0
CUST-1620,Ananya Deshmukh,user_1620@example.com,Pro,UPI,9,143.23,1,0.0904,1
CUST-1621,Neha Sharma,user_1621@example.com,Enterprise,Credit Card,12,114.06,1,0.0597,0
CUST-1622,Pooja Kulkarni,user_1622@example.com,Pro,Credit Card,23,175.75,3,0.1007,1
CUST-1623,Sneha Verma,user_1623@example.com,Pro,UPI,14,176.56,1,0.086,1
CUST-1624,Rahul Kulkarni,user_1624@example.com,Pro,UPI,33,26.73,0,0.1726,0
CUST-1625,Aarav Patel,user_1625@example.com,Enterprise,UPI,18,161.16,2,0.0795,1
CUST-1626,Amit Joshi,user_1626@example.com,Pro,Credit Card,49,105.63,0,0.1485,0
CUST-1627,Priya Deshmukh,user_1627@example.com,Pro,UPI,59,198.05,0,0.0258,0
CUST-1628,Amit Reddy,user_1628@example.com,Pro,UPI,41,109.57,2,0.0559,0
CUST-1629,Neha Sharma,user_1629@example.com,Pro,UPI,9,197.71,2,0.1078,1
CUST-1630,Aarav Reddy,user_1630@example.com,Pro,Bank Transfer,23,157.05,1,0.2349,1
CUST-1631,Neha Joshi,user_1631@example.com,Basic,UPI,10,68.51,1,0.1005,0
CUST-1632,Amit Iyer,user_1632@example.com,Basic,UPI,19,119.22,0,0.1694,0
CUST-1633,Rahul Verma,user_1633@example.com,Basic,Credit Card,47,198.62,1,0.0712,0
CUST-1634,Priya Deshmukh,user_1634@example.com,Basic,UPI,5,175.07,1,0.0405,1
CUST-1635,Rahul Mehta,user_1635@example.com,Basic,Credit Card,47,42.04,1,0.024,0
CUST-1636,Priya Verma,user_1636@example.com,Basic,UPI,52,148.62,4,0.0833,1
CUST-1637,Vikram Sharma,user_1637@example.com,Pro,UPI,23,85.48,2,0.0478,0
CUST-1638,Aarav Joshi,user_1638@example.com,Basic,Bank Transfer,30,26.22,2,0.0518,0
CUST-1639,Amit Iyer,user_1639@example.com,Pro,Credit Card,25,95.61,1,0.1926,0
CUST-1640,Aarav Nair,user_1640@example.com,Basic,UPI,28,66.08,5,0.0138,1
CUST-1641,Rahul Nair,user_1641@example.com,Basic,UPI,34,168.3,1,0.1439,0
CUST-1642,Vikram Sharma,user_1642@example.com,Pro,Credit Card,45,84.03,3,0.1011,0
CUST-1643,Rohan Deshmukh,user_1643@example.com,Pro,Credit Card,56,169.82,1,0.1316,0
CUST-1644,Ananya Mehta,user_1644@example.com,Basic,Credit Card,48,25.1,2,0.1451,0
CUST-1645,Neha Reddy,user_1645@example.com,Enterprise,Credit Card,47,78.87,2,0.0852,0
CUST-1646,Priya Reddy,user_1646@example.com,Enterprise,Credit Card,25,67.2,0,0.0808,0
CUST-1647,Pooja Reddy,user_1647@example.com,Basic,Credit Card,10,65.87,1,0.186,0
CUST-1648,Pooja Joshi,user_1648@example.com,Basic,Credit Card,14,36.93,3,0.2191,1
CUST-1649,Rohan Sharma,user_1649@example.com,Enterprise,UPI,42,57.75,2,0.0562,0
CUST-1650,Rohan Joshi,user_1650@example.com,Pro,UPI,57,122.22,2,0.0334,0
CUST-1651,Vikram Mehta,user_1651@example.com,Pro,Bank Transfer,46,75.99,2,0.2255,0
CUST-1652,Pooja Iyer,user_1652@example.com,Pro,UPI,58,98.04,0,0.094,0
CUST-1653,Vikram Iyer,user_1653@example.com,Basic,UPI,30,90.95,4,0.1423,1
CUST-1654,Amit Verma,user_1654@example.com,Basic,Bank Transfer,55,178.28,0,0.0963,0
CUST-1655,Neha Patel,user_1655@example.com,Basic,UPI,41,183.43,2,0.0402,0
CUST-1656,Rohan Patel,user_1656@example.com,Pro,UPI,25,111.27,1,0.1514,0
CUST-1657,Sneha Iyer,user_1657@example.com,Pro,UPI,14,82.78,0,0.136,0
CUST-1658,Rahul Patel,user_1658@example.com,Pro,Credit Card,35,43.69,0,0.0587,0
CUST-1659,Pooja Iyer,user_1659@example.com,Basic,Credit Card,52,191.85,2,0.1184,0
CUST-1660,Aarav Nair,user_1660@example.com,Basic,UPI,48,35.54,2,0.2013,0
CUST-1661,Rahul Patel,user_1661@example.com,Basic,UPI,34,77.09,0,0.1517,0
CUST-1662,Rahul Deshmukh,user_1662@example.com,Pro,Credit Card,10,77.16,0,0.0333,0
CUST-1663,Neha Joshi,user_1663@example.com,Pro,Bank Transfer,35,81.07,2,0.1415,0
CUST-1664,Rohan Iyer,user_1664@example.com,Basic,UPI,11,53.75,2,0.1787,1
CUST-1665,Rohan Nair,user_1665@example.com,Enterprise,UPI,11,162.05,1,0.2002,1
CUST-1666,Aarav Kulkarni,user_1666@example.com,Basic,Bank Transfer,21,46.44,2,0.161,0
CUST-1667,Ananya Reddy,user_1667@example.com,Enterprise,UPI,21,136.11,1,0.0466,0
CUST-1668,Priya Sharma,user_1668@example.com,Basic,Bank Transfer,22,46.67,3,0.1804,1
CUST-1669,Pooja Patel,user_1669@example.com,Pro,UPI,45,37.34,1,0.1726,0
CUST-1670,Rohan Verma,user_1670@example.com,Basic,Credit Card,7,184.15,1,0.0159,1
CUST-1671,Pooja Patel,user_1671@example.com,Enterprise,UPI,55,58.27,6,0.1088,1
CUST-1672,Rohan Patel,user_1672@example.com,Basic,UPI,17,168.72,1,0.0899,1
CUST-1673,Rahul Iyer,user_1673@example.com,Basic,UPI,2,120.31,1,0.1707,1
CUST-1674,Sneha Sharma,user_1674@example.com,Basic,Bank Transfer,12,38.62,2,0.0619,0
CUST-1675,Vikram Reddy,user_1675@example.com,Basic,UPI,57,192.2,0,0.1518,0
CUST-1676,Neha Reddy,user_1676@example.com,Basic,UPI,42,68.22,1,0.2292,0
CUST-1677,Pooja Reddy,user_1677@example.com,Enterprise,Bank Transfer,18,175.44,0,0.2015,1
CUST-1678,Rohan Kulkarni,user_1678@example.com,Basic,UPI,54,54.54,0,0.2311,0
CUST-1679,Vikram Sharma,user_1679@example.com,Pro,UPI,59,174.44,1,0.2448,0
CUST-1680,Aarav Verma,user_1680@example.com,Pro,Bank Transfer,11,27.32,3,0.0126,0
CUST-1681,Neha Patel,user_1681@example.com,Pro,Credit Card,16,114.56,2,0.1595,1
CUST-1682,Sneha Patel,user_1682@example.com,Basic,UPI,49,159.65,0,0.1091,0
CUST-1683,Vikram Reddy,user_1683@example.com,Basic,Bank Transfer,51,188.59,2,0.2164,1
CUST-1684,Aarav Deshmukh,user_1684@example.com,Pro,UPI,18,184.11,1,0.0704,1
CUST-1685,Amit Sharma,user_1685@example.com,Enterprise,UPI,35,168.43,3,0.2454,1
CUST-1686,Amit Nair,user_1686@example.com,Basic,UPI,53,180.43,2,0.1573,0
CUST-1687,Sneha Joshi,user_1687@example.com,Basic,UPI,59,59.86,1,0.2004,0
CUST-1688,Vikram Deshmukh,user_1688@example.com,Basic,Bank Transfer,26,74.73,0,0.0305,0
CUST-1689,Ananya Iyer,user_1689@example.com,Enterprise,Credit Card,16,75.57,3,0.054,1
CUST-1690,Neha Nair,user_1690@example.com,Basic,Credit Card,6,90.98,3,0.192,1
CUST-1691,Priya Reddy,user_1691@example.com,Basic,Credit Card,57,93.83,2,0.0153,0
CUST-1692,Rohan Kulkarni,user_1692@example.com,Enterprise,UPI,44,120.3,2,0.2061,0
CUST-1693,Sneha Nair,user_1693@example.com,Basic,UPI,43,52.98,0,0.0133,0
CUST-1694,Sneha Mehta,user_1694@example.com,Basic,UPI,47,145.97,0,0.1677,0
CUST-1695,Vikram Verma,user_1695@example.com,Pro,UPI,47,54.32,1,0.0976,0
CUST-1696,Pooja Patel,user_1696@example.com,Enterprise,UPI,48,79.3,1,0.1568,0
CUST-1697,Amit Joshi,user_1697@example.com,Basic,Credit Card,42,113.09,1,0.177,0
CUST-1698,Amit Sharma,user_1698@example.com,Basic,UPI,12,164.38,1,0.0922,1
CUST-1699,Pooja Verma,user_1699@example.com,Basic,UPI,13,154.41,2,0.0359,1
CUST-1700,Neha Mehta,user_1700@example.com,Basic,Credit Card,4,137.97,1,0.0267,0
CUST-1701,Vikram Deshmukh,user_1701@example.com,Pro,Credit Card,39,52.26,2,0.1513,0
CUST-1702,Ananya Iyer,user_1702@example.com,Basic,Credit Card,54,120.73,0,0.135,0
CUST-1703,Aarav Reddy,user_1703@example.com,Basic,Credit Card,2,40.3,2,0.1881,1
CUST-1704,Rahul Kulkarni,user_1704@example.com,Basic,UPI,26,91.04,1,0.1323,0
CUST-1705,Pooja Sharma,user_1705@example.com,Pro,Credit Card,59,97.37,1,0.1114,0
CUST-1706,Pooja Verma,user_1706@example.com,Pro,UPI,27,31.97,3,0.1055,0
CUST-1707,Priya Patel,user_1707@example.com,Enterprise,UPI,27,72.95,1,0.0163,0
CUST-1708,Aarav Nair,user_1708@example.com,Basic,UPI,15,192.24,2,0.0905,1
CUST-1709,Rahul Verma,user_1709@example.com,Pro,Bank Transfer,8,191.89,0,0.2442,1
CUST-1710,Ananya Nair,user_1710@example.com,Pro,UPI,7,86.66,1,0.2197,1
CUST-1711,Amit Reddy,user_1711@example.com,Basic,UPI,47,32.54,1,0.0891,0
CUST-1712,Sneha Deshmukh,user_1712@example.com,Basic,Bank Transfer,55,56.34,1,0.1511,0
CUST-1713,Priya Reddy,user_1713@example.com,Basic,Credit Card,46,93.64,2,0.2134,0
CUST-1714,Neha Verma,user_1714@example.com,Basic,Bank Transfer,40,190.86,1,0.1159,0
CUST-1715,Amit Verma,user_1715@example.com,Basic,Credit Card,12,49.71,2,0.0143,0
CUST-1716,Amit Patel,user_1716@example.com,Basic,UPI,13,158.62,2,0.0279,1
CUST-1717,Pooja Reddy,user_1717@example.com,Basic,Credit Card,43,44.02,2,0.1325,0
CUST-1718,Neha Reddy,user_1718@example.com,Pro,UPI,17,196.72,1,0.2427,1
CUST-1719,Vikram Patel,user_1719@example.com,Basic,UPI,17,91.78,1,0.1764,0
CUST-1720,Neha Mehta,user_1720@example.com,Pro,UPI,56,160.67,0,0.027,0
CUST-1721,Neha Deshmukh,user_1721@example.com,Pro,Credit Card,36,84.95,1,0.0554,0
CUST-1722,Pooja Patel,user_1722@example.com,Enterprise,Credit Card,21,134.84,0,0.1951,0
CUST-1723,Ananya Deshmukh,user_1723@example.com,Pro,Credit Card,8,58.6,1,0.2119,0
CUST-1724,Vikram Sharma,user_1724@example.com,Basic,Credit Card,5,50.55,2,0.1582,1
CUST-1725,Priya Nair,user_1725@example.com,Pro,Bank Transfer,26,189.16,1,0.1647,1
CUST-1726,Rahul Joshi,user_1726@example.com,Basic,Credit Card,16,185.59,0,0.0168,0
CUST-1727,Rahul Nair,user_1727@example.com,Basic,UPI,36,180.31,1,0.2088,1
CUST-1728,Neha Patel,user_1728@example.com,Enterprise,UPI,28,134.45,2,0.1992,1
CUST-1729,Neha Sharma,user_1729@example.com,Basic,Credit Card,54,166.45,2,0.0722,0
CUST-1730,Ananya Nair,user_1730@example.com,Basic,UPI,29,37.08,0,0.1801,0
CUST-1731,Rahul Nair,user_1731@example.com,Pro,Credit Card,47,83.59,2,0.0616,0
CUST-1732,Aarav Reddy,user_1732@example.com,Enterprise,Credit Card,12,79.9,2,0.0197,0
CUST-1733,Amit Deshmukh,user_1733@example.com,Pro,Credit Card,37,136.24,1,0.0583,0
CUST-1734,Pooja Kulkarni,user_1734@example.com,Basic,UPI,30,87.29,0,0.0529,0
CUST-1735,Ananya Iyer,user_1735@example.com,Pro,UPI,23,50.99,1,0.0911,0
CUST-1736,Vikram Joshi,user_1736@example.com,Basic,UPI,16,129.38,2,0.1104,1
CUST-1737,Amit Verma,user_1737@example.com,Pro,UPI,14,167.52,2,0.132,1
CUST-1738,Rohan Joshi,user_1738@example.com,Enterprise,Credit Card,10,91.87,3,0.1244,1
CUST-1739,Pooja Deshmukh,user_1739@example.com,Pro,UPI,7,48.15,2,0.075,0
CUST-1740,Rohan Patel,user_1740@example.com,Enterprise,UPI,45,59.42,1,0.017,0
CUST-1741,Sneha Patel,user_1741@example.com,Basic,Credit Card,52,66.56,0,0.1552,0
CUST-1742,Rohan Patel,user_1742@example.com,Pro,Credit Card,37,77.48,2,0.105,0
CUST-1743,Aarav Reddy,user_1743@example.com,Pro,UPI,29,137.49,0,0.0817,0
CUST-1744,Aarav Nair,user_1744@example.com,Basic,Credit Card,3,130.17,2,0.2181,1
CUST-1745,Priya Nair,user_1745@example.com,Enterprise,UPI,15,146.81,4,0.1892,1
CUST-1746,Rahul Mehta,user_1746@example.com,Basic,Credit Card,36,88.44,2,0.2159,0
CUST-1747,Rahul Iyer,user_1747@example.com,Pro,Credit Card,47,169.2,0,0.1288,0
CUST-1748,Pooja Reddy,user_1748@example.com,Pro,Credit Card,46,60.72,2,0.0414,0
CUST-1749,Priya Deshmukh,user_1749@example.com,Pro,Credit Card,52,107.08,1,0.1771,0
CUST-1750,Ananya Kulkarni,user_1750@example.com,Basic,UPI,19,165.16,1,0.0595,0
CUST-1751,Sneha Kulkarni,user_1751@example.com,Pro,UPI,13,56.53,2,0.1159,0
CUST-1752,Priya Kulkarni,user_1752@example.com,Pro,UPI,42,44.23,3,0.0256,0
CUST-1753,Aarav Mehta,user_1753@example.com,Enterprise,Bank Transfer,21,179.64,0,0.2081,1
CUST-1754,Aarav Joshi,user_1754@example.com,Basic,UPI,37,85.01,4,0.0402,1
CUST-1755,Ananya Sharma,user_1755@example.com,Basic,UPI,27,144.68,1,0.2267,1
CUST-1756,Ananya Joshi,user_1756@example.com,Pro,Credit Card,55,29.44,0,0.2174,0
CUST-1757,Neha Patel,user_1757@example.com,Basic,UPI,52,145.76,0,0.1215,0
CUST-1758,Priya Kulkarni,user_1758@example.com,Pro,UPI,29,80.32,2,0.1886,0
CUST-1759,Rahul Kulkarni,user_1759@example.com,Pro,Credit Card,20,34.75,0,0.1587,0
CUST-1760,Rohan Sharma,user_1760@example.com,Enterprise,UPI,25,131.72,4,0.2027,1
CUST-1761,Ananya Verma,user_1761@example.com,Pro,Credit Card,6,67.14,1,0.1136,0
CUST-1762,Pooja Iyer,user_1762@example.com,Pro,UPI,36,92.69,0,0.1986,0
CUST-1763,Pooja Patel,user_1763@example.com,Basic,Bank Transfer,2,39.1,3,0.121,1
CUST-1764,Priya Kulkarni,user_1764@example.com,Basic,Bank Transfer,22,50.75,1,0.2358,0
CUST-1765,Aarav Verma,user_1765@example.com,Basic,UPI,32,77.15,1,0.1267,0
CUST-1766,Amit Iyer,user_1766@example.com,Basic,UPI,16,40.71,1,0.121,0
CUST-1767,Rohan Kulkarni,user_1767@example.com,Pro,UPI,18,184.39,1,0.1984,1
CUST-1768,Priya Kulkarni,user_1768@example.com,Pro,UPI,5,26.06,2,0.2072,1
CUST-1769,Ananya Verma,user_1769@example.com,Pro,Credit Card,54,109.68,0,0.1431,0
CUST-1770,Aarav Nair,user_1770@example.com,Pro,UPI,36,46.57,2,0.0532,0
CUST-1771,Vikram Deshmukh,user_1771@example.com,Enterprise,UPI,30,78.84,4,0.1223,1
CUST-1772,Sneha Mehta,user_1772@example.com,Pro,Bank Transfer,45,187.06,0,0.2423,0
CUST-1773,Rahul Reddy,user_1773@example.com,Pro,UPI,19,53.3,2,0.1907,1
CUST-1774,Vikram Verma,user_1774@example.com,Pro,UPI,23,194.02,1,0.2047,1
CUST-1775,Aarav Joshi,user_1775@example.com,Basic,UPI,34,61.01,2,0.0179,0
CUST-1776,Ananya Patel,user_1776@example.com,Basic,UPI,13,154.77,1,0.1223,1
CUST-1777,Rahul Sharma,user_1777@example.com,Basic,UPI,43,120.67,2,0.1652,0
CUST-1778,Amit Nair,user_1778@example.com,Enterprise,Credit Card,54,179.78,2,0.2092,1
CUST-1779,Priya Nair,user_1779@example.com,Pro,UPI,29,121.95,0,0.0218,0
CUST-1780,Amit Sharma,user_1780@example.com,Basic,UPI,36,118.55,3,0.2146,1
CUST-1781,Vikram Nair,user_1781@example.com,Basic,UPI,22,59.21,0,0.1416,0
CUST-1782,Priya Kulkarni,user_1782@example.com,Pro,Credit Card,52,54.09,3,0.0574,0
CUST-1783,Rohan Verma,user_1783@example.com,Basic,UPI,52,185.39,2,0.0861,0
CUST-1784,Vikram Nair,user_1784@example.com,Basic,UPI,47,82.37,1,0.0777,0
CUST-1785,Pooja Verma,user_1785@example.com,Enterprise,Credit Card,36,90.11,5,0.1374,1
CUST-1786,Sneha Reddy,user_1786@example.com,Basic,UPI,9,157.97,0,0.0224,0
CUST-1787,Rohan Sharma,user_1787@example.com,Basic,UPI,39,84.29,1,0.048,0
CUST-1788,Sneha Kulkarni,user_1788@example.com,Pro,UPI,51,191.61,1,0.205,0
CUST-1789,Amit Mehta,user_1789@example.com,Enterprise,Bank Transfer,19,154.14,0,0.0418,0
CUST-1790,Amit Mehta,user_1790@example.com,Pro,UPI,38,129.55,1,0.066,0
CUST-1791,Ananya Deshmukh,user_1791@example.com,Basic,UPI,6,179.16,1,0.1188,1
CUST-1792,Vikram Patel,user_1792@example.com,Basic,UPI,52,33.68,1,0.1341,0
CUST-1793,Neha Nair,user_1793@example.com,Basic,Credit Card,47,69.99,2,0.1933,0
CUST-1794,Aarav Nair,user_1794@example.com,Pro,Credit Card,15,106.38,2,0.1174,1
CUST-1795,Vikram Patel,user_1795@example.com,Pro,UPI,57,64.72,1,0.1996,0
CUST-1796,Priya Mehta,user_1796@example.com,Basic,Credit Card,20,155.18,1,0.1584,1
CUST-1797,Amit Sharma,user_1797@example.com,Enterprise,UPI,9,185.86,2,0.0371,1
CUST-1798,Ananya Reddy,user_1798@example.com,Basic,Bank Transfer,32,99.16,0,0.0475,0
CUST-1799,Neha Mehta,user_1799@example.com,Basic,UPI,4,84.87,0,0.1149,0
CUST-1800,Rahul Nair,user_1800@example.com,Basic,UPI,50,193.27,2,0.1053,0
CUST-1801,Amit Sharma,user_1801@example.com,Basic,Bank Transfer,18,102.85,1,0.1885,0
CUST-1802,Amit Mehta,user_1802@example.com,Pro,UPI,5,110.58,1,0.1494,1
CUST-1803,Ananya Kulkarni,user_1803@example.com,Pro,UPI,20,86.54,1,0.1032,0
CUST-1804,Aarav Joshi,user_1804@example.com,Basic,Credit Card,23,184.17,0,0.051,0
CUST-1805,Neha Patel,user_1805@example.com,Pro,UPI,11,124.57,0,0.0644,0
CUST-1806,Aarav Patel,user_1806@example.com,Basic,UPI,37,158.38,2,0.1481,1
CUST-1807,Aarav Sharma,user_1807@example.com,Pro,UPI,22,167.07,0,0.1116,0
CUST-1808,Amit Sharma,user_1808@example.com,Enterprise,UPI,58,84.82,0,0.1336,0
CUST-1809,Sneha Joshi,user_1809@example.com,Basic,Credit Card,4,100.9,1,0.051,0
CUST-1810,Ananya Iyer,user_1810@example.com,Pro,UPI,29,173.48,3,0.1691,1
CUST-1811,Priya Mehta,user_1811@example.com,Basic,UPI,44,88.57,0,0.2146,0
CUST-1812,Rohan Joshi,user_1812@example.com,Basic,UPI,34,163.94,3,0.0719,1
CUST-1813,Pooja Patel,user_1813@example.com,Basic,Bank Transfer,13,189.67,3,0.128,1
CUST-1814,Priya Joshi,user_1814@example.com,Pro,UPI,42,134.06,2,0.2441,1
CUST-1815,Rohan Sharma,user_1815@example.com,Pro,Bank Transfer,9,154.78,1,0.09,1
CUST-1816,Neha Verma,user_1816@example.com,Basic,Bank Transfer,42,165.89,1,0.1528,0
CUST-1817,Ananya Reddy,user_1817@example.com,Pro,UPI,31,172.88,2,0.0316,0
CUST-1818,Ananya Reddy,user_1818@example.com,Pro,UPI,7,94.13,1,0.1554,1
CUST-1819,Rohan Reddy,user_1819@example.com,Pro,Credit Card,4,33.97,3,0.0315,1
CUST-1820,Priya Nair,user_1820@example.com,Pro,UPI,19,95.33,1,0.2402,1
CUST-1821,Neha Patel,user_1821@example.com,Pro,UPI,42,142.91,1,0.1818,0
CUST-1822,Sneha Iyer,user_1822@example.com,Basic,Credit Card,30,103.81,1,0.1992,0
CUST-1823,Sneha Kulkarni,user_1823@example.com,Basic,Credit Card,31,156.07,3,0.179,1
CUST-1824,Ananya Joshi,user_1824@example.com,Enterprise,Bank Transfer,35,87.47,2,0.1515,0
CUST-1825,Ananya Joshi,user_1825@example.com,Basic,Bank Transfer,57,136.08,0,0.118,0
CUST-1826,Rahul Reddy,user_1826@example.com,Enterprise,UPI,21,57.62,3,0.216,1
CUST-1827,Pooja Patel,user_1827@example.com,Pro,UPI,31,156.14,2,0.2396,1
CUST-1828,Ananya Iyer,user_1828@example.com,Basic,Credit Card,19,120.5,2,0.1298,1
CUST-1829,Amit Verma,user_1829@example.com,Basic,Credit Card,31,60.71,3,0.2336,1
CUST-1830,Pooja Verma,user_1830@example.com,Basic,Credit Card,53,76.08,2,0.15,0
CUST-1831,Rohan Kulkarni,user_1831@example.com,Enterprise,Credit Card,32,156.01,1,0.1392,0
CUST-1832,Neha Iyer,user_1832@example.com,Basic,Credit Card,2,109.46,3,0.1191,1
CUST-1833,Vikram Iyer,user_1833@example.com,Basic,Bank Transfer,59,62.81,3,0.0602,0
CUST-1834,Rahul Patel,user_1834@example.com,Basic,UPI,52,194.27,1,0.0109,0
CUST-1835,Ananya Patel,user_1835@example.com,Basic,Credit Card,10,150.15,3,0.068,1
CUST-1836,Rahul Mehta,user_1836@example.com,Basic,Credit Card,2,192.5,2,0.1323,1
CUST-1837,Vikram Nair,user_1837@example.com,Basic,UPI,2,99.74,2,0.1012,1
CUST-1838,Amit Verma,user_1838@example.com,Pro,Credit Card,24,108.14,2,0.1176,1
CUST-1839,Pooja Verma,user_1839@example.com,Basic,Bank Transfer,17,182.14,2,0.2454,1
CUST-1840,Rahul Mehta,user_1840@example.com,Basic,UPI,32,116.88,4,0.0941,1
CUST-1841,Aarav Iyer,user_1841@example.com,Basic,UPI,16,148.77,1,0.1185,1
CUST-1842,Aarav Deshmukh,user_1842@example.com,Basic,Credit Card,16,69.13,1,0.042,0
CUST-1843,Pooja Nair,user_1843@example.com,Enterprise,Credit Card,46,103.18,1,0.0215,0
CUST-1844,Sneha Deshmukh,user_1844@example.com,Pro,UPI,39,46.6,2,0.1961,0
CUST-1845,Sneha Kulkarni,user_1845@example.com,Basic,UPI,53,61.05,0,0.147,0
CUST-1846,Neha Patel,user_1846@example.com,Pro,UPI,31,25.17,1,0.1926,0
CUST-1847,Aarav Verma,user_1847@example.com,Basic,Credit Card,43,31.87,0,0.046,0
CUST-1848,Amit Kulkarni,user_1848@example.com,Basic,UPI,24,196.02,4,0.1472,1
CUST-1849,Pooja Deshmukh,user_1849@example.com,Enterprise,UPI,1,67.41,2,0.0709,1
CUST-1850,Priya Kulkarni,user_1850@example.com,Pro,Bank Transfer,11,141.08,4,0.0647,1
CUST-1851,Priya Patel,user_1851@example.com,Enterprise,Credit Card,55,171.84,2,0.0128,0
CUST-1852,Sneha Mehta,user_1852@example.com,Basic,Credit Card,21,121.37,1,0.0413,0
CUST-1853,Rohan Joshi,user_1853@example.com,Pro,UPI,4,51.8,1,0.0842,0
CUST-1854,Rahul Verma,user_1854@example.com,Basic,UPI,7,152.42,3,0.0381,1
CUST-1855,Pooja Mehta,user_1855@example.com,Basic,UPI,26,130.04,3,0.2466,1
CUST-1856,Rahul Patel,user_1856@example.com,Pro,UPI,47,152.97,1,0.0841,0
CUST-1857,Neha Deshmukh,user_1857@example.com,Basic,UPI,50,159.71,0,0.0413,0
CUST-1858,Aarav Verma,user_1858@example.com,Pro,Bank Transfer,12,195.7,2,0.0578,1
CUST-1859,Pooja Nair,user_1859@example.com,Pro,UPI,31,125.37,3,0.151,1
CUST-1860,Sneha Iyer,user_1860@example.com,Basic,Bank Transfer,17,84.79,2,0.0254,0
CUST-1861,Pooja Patel,user_1861@example.com,Pro,UPI,33,138.48,0,0.217,0
CUST-1862,Rohan Deshmukh,user_1862@example.com,Pro,Bank Transfer,11,36.98,0,0.2408,0
CUST-1863,Vikram Mehta,user_1863@example.com,Basic,UPI,28,182.04,2,0.0692,1
CUST-1864,Amit Mehta,user_1864@example.com,Pro,Credit Card,32,45.89,0,0.118,0
CUST-1865,Neha Iyer,user_1865@example.com,Pro,Bank Transfer,1,82.37,1,0.0153,0
CUST-1866,Amit Kulkarni,user_1866@example.com,Basic,Credit Card,47,167.76,1,0.1638,0
CUST-1867,Priya Iyer,user_1867@example.com,Pro,Bank Transfer,28,129.53,0,0.1093,0
CUST-1868,Ananya Sharma,user_1868@example.com,Enterprise,UPI,53,93.89,1,0.0748,0
CUST-1869,Amit Reddy,user_1869@example.com,Basic,Credit Card,42,107.85,1,0.0596,0
CUST-1870,Priya Verma,user_1870@example.com,Pro,UPI,7,174.55,2,0.167,1
CUST-1871,Vikram Deshmukh,user_1871@example.com,Basic,Bank Transfer,2,84.5,2,0.1099,1
CUST-1872,Aarav Nair,user_1872@example.com,Pro,Credit Card,42,177.19,0,0.0531,0
CUST-1873,Neha Kulkarni,user_1873@example.com,Pro,UPI,24,40.42,3,0.1754,1
CUST-1874,Rohan Joshi,user_1874@example.com,Basic,UPI,4,160.94,0,0.1456,1
CUST-1875,Rahul Mehta,user_1875@example.com,Basic,UPI,44,173.32,1,0.2161,0
CUST-1876,Pooja Joshi,user_1876@example.com,Pro,UPI,19,56.82,2,0.0382,0
CUST-1877,Amit Sharma,user_1877@example.com,Basic,Credit Card,26,100.31,3,0.1986,1
CUST-1878,Vikram Kulkarni,user_1878@example.com,Pro,Credit Card,11,53.96,0,0.1716,0
CUST-1879,Neha Sharma,user_1879@example.com,Basic,UPI,40,148.66,1,0.0376,0
CUST-1880,Amit Mehta,user_1880@example.com,Enterprise,UPI,50,118.69,1,0.1768,0
CUST-1881,Sneha Reddy,user_1881@example.com,Pro,Bank Transfer,43,136.18,1,0.116,0
CUST-1882,Vikram Deshmukh,user_1882@example.com,Enterprise,Credit Card,11,59.39,1,0.2368,1
CUST-1883,Vikram Sharma,user_1883@example.com,Basic,UPI,45,62.06,1,0.044,0
CUST-1884,Aarav Nair,user_1884@example.com,Pro,Credit Card,3,32.26,1,0.1643,0
CUST-1885,Neha Mehta,user_1885@example.com,Pro,Credit Card,12,81.36,3,0.1017,1
CUST-1886,Sneha Patel,user_1886@example.com,Basic,UPI,3,122.96,0,0.2396,1
CUST-1887,Priya Reddy,user_1887@example.com,Basic,UPI,42,175.14,2,0.0892,0
CUST-1888,Vikram Kulkarni,user_1888@example.com,Basic,UPI,27,141.71,1,0.2409,1
CUST-1889,Pooja Sharma,user_1889@example.com,Pro,Bank Transfer,49,101.19,1,0.2264,0
CUST-1890,Rohan Verma,user_1890@example.com,Pro,UPI,54,191.8,3,0.0749,1
CUST-1891,Ananya Deshmukh,user_1891@example.com,Basic,Bank Transfer,2,150.87,2,0.2029,1
CUST-1892,Vikram Deshmukh,user_1892@example.com,Pro,Bank Transfer,49,187.78,0,0.2489,0
CUST-1893,Aarav Sharma,user_1893@example.com,Basic,UPI,16,117.33,0,0.0706,0
CUST-1894,Rahul Joshi,user_1894@example.com,Basic,UPI,2,70.31,0,0.1148,0
CUST-1895,Sneha Deshmukh,user_1895@example.com,Enterprise,UPI,54,34.24,1,0.1348,0
CUST-1896,Priya Nair,user_1896@example.com,Enterprise,Credit Card,30,152.06,1,0.0808,0
CUST-1897,Priya Reddy,user_1897@example.com,Pro,UPI,20,46.23,3,0.0137,0
CUST-1898,Priya Reddy,user_1898@example.com,Basic,Credit Card,38,77.99,1,0.0628,0
CUST-1899,Rohan Nair,user_1899@example.com,Pro,UPI,28,118.18,1,0.0777,0
CUST-1900,Priya Iyer,user_1900@example.com,Basic,UPI,25,123.77,2,0.1165,1
CUST-1901,Ananya Kulkarni,user_1901@example.com,Basic,Credit Card,32,130.1,2,0.0511,0
CUST-1902,Rohan Kulkarni,user_1902@example.com,Basic,Credit Card,10,54.09,1,0.2196,0
CUST-1903,Priya Joshi,user_1903@example.com,Pro,Bank Transfer,42,91.45,3,0.1792,1
CUST-1904,Rohan Nair,user_1904@example.com,Pro,UPI,40,133.01,0,0.0304,0
CUST-1905,Priya Deshmukh,user_1905@example.com,Basic,Credit Card,33,194.72,2,0.166,1
CUST-1906,Aarav Iyer,user_1906@example.com,Pro,UPI,13,152.34,3,0.1669,1
CUST-1907,Neha Mehta,user_1907@example.com,Enterprise,UPI,56,186.46,3,0.2395,1
CUST-1908,Vikram Mehta,user_1908@example.com,Basic,UPI,41,158.39,2,0.0107,0
CUST-1909,Priya Sharma,user_1909@example.com,Pro,Bank Transfer,54,128.55,2,0.0695,0
CUST-1910,Rohan Iyer,user_1910@example.com,Enterprise,UPI,42,58.6,3,0.2327,1
CUST-1911,Pooja Joshi,user_1911@example.com,Basic,Credit Card,47,141.67,1,0.2337,0
CUST-1912,Priya Patel,user_1912@example.com,Basic,UPI,37,134.09,0,0.1829,0
CUST-1913,Aarav Joshi,user_1913@example.com,Pro,Bank Transfer,54,130.43,1,0.1938,0
CUST-1914,Neha Nair,user_1914@example.com,Pro,Credit Card,16,110.71,1,0.032,0
CUST-1915,Aarav Nair,user_1915@example.com,Pro,Credit Card,45,117.51,1,0.1333,0
CUST-1916,Amit Kulkarni,user_1916@example.com,Basic,Credit Card,22,83.53,3,0.0656,1
CUST-1917,Aarav Sharma,user_1917@example.com,Enterprise,UPI,57,115.88,0,0.0535,0
CUST-1918,Rahul Deshmukh,user_1918@example.com,Basic,UPI,20,59.57,2,0.2045,1
CUST-1919,Vikram Reddy,user_1919@example.com,Basic,UPI,50,165.91,1,0.0424,0
CUST-1920,Pooja Patel,user_1920@example.com,Pro,Bank Transfer,43,57.51,2,0.1225,0
CUST-1921,Priya Mehta,user_1921@example.com,Basic,UPI,27,39.87,0,0.2353,0
CUST-1922,Amit Sharma,user_1922@example.com,Basic,Credit Card,41,101.34,0,0.0546,0
CUST-1923,Amit Reddy,user_1923@example.com,Basic,Credit Card,16,140.2,2,0.2447,1
CUST-1924,Amit Deshmukh,user_1924@example.com,Basic,UPI,34,101.6,0,0.2486,0
CUST-1925,Amit Kulkarni,user_1925@example.com,Basic,Credit Card,32,73.43,2,0.1433,0
CUST-1926,Priya Mehta,user_1926@example.com,Enterprise,UPI,26,122.68,1,0.0508,0
CUST-1927,Sneha Mehta,user_1927@example.com,Basic,Bank Transfer,25,85.73,2,0.0859,0
CUST-1928,Rahul Mehta,user_1928@example.com,Pro,Credit Card,2,188.25,2,0.1119,1
CUST-1929,Priya Patel,user_1929@example.com,Pro,UPI,12,186.46,1,0.0842,1
CUST-1930,Amit Iyer,user_1930@example.com,Enterprise,UPI,40,112.92,2,0.0774,0
CUST-1931,Rahul Sharma,user_1931@example.com,Basic,UPI,9,82.38,0,0.2433,0
CUST-1932,Neha Mehta,user_1932@example.com,Enterprise,Credit Card,12,154.0,0,0.0468,0
CUST-1933,Rohan Reddy,user_1933@example.com,Pro,UPI,26,31.42,1,0.186,0
CUST-1934,Vikram Sharma,user_1934@example.com,Pro,Credit Card,9,108.08,2,0.0101,0
CUST-1935,Pooja Iyer,user_1935@example.com,Pro,Bank Transfer,10,83.86,1,0.1531,0
CUST-1936,Vikram Verma,user_1936@example.com,Pro,Credit Card,32,186.09,0,0.2298,0
CUST-1937,Amit Sharma,user_1937@example.com,Basic,UPI,57,27.1,1,0.0791,0
CUST-1938,Aarav Sharma,user_1938@example.com,Pro,UPI,34,121.74,1,0.0545,0
CUST-1939,Rahul Mehta,user_1939@example.com,Pro,Bank Transfer,48,154.62,1,0.1664,0
CUST-1940,Pooja Verma,user_1940@example.com,Pro,Credit Card,20,109.88,0,0.181,0
CUST-1941,Neha Joshi,user_1941@example.com,Enterprise,Credit Card,39,39.95,0,0.1751,0
CUST-1942,Priya Reddy,user_1942@example.com,Basic,Credit Card,2,195.18,1,0.0866,1
CUST-1943,Rahul Deshmukh,user_1943@example.com,Enterprise,Credit Card,1,115.65,1,0.0705,1
CUST-1944,Pooja Nair,user_1944@example.com,Basic,Credit Card,51,132.48,0,0.2394,0
CUST-1945,Priya Mehta,user_1945@example.com,Basic,UPI,36,66.41,1,0.2316,0
CUST-1946,Vikram Joshi,user_1946@example.com,Basic,Credit Card,24,109.61,0,0.1198,0
CUST-1947,Amit Deshmukh,user_1947@example.com,Basic,Credit Card,54,100.1,1,0.2131,0
CUST-1948,Priya Deshmukh,user_1948@example.com,Pro,UPI,27,38.11,2,0.1186,0
CUST-1949,Sneha Iyer,user_1949@example.com,Basic,Credit Card,2,43.58,1,0.1119,0
CUST-1950,Ananya Patel,user_1950@example.com,Basic,Credit Card,31,171.56,2,0.0476,1
CUST-1951,Vikram Iyer,user_1951@example.com,Enterprise,Credit Card,57,66.97,4,0.1123,0
CUST-1952,Rohan Deshmukh,user_1952@example.com,Pro,Bank Transfer,14,59.12,1,0.139,0
CUST-1953,Amit Kulkarni,user_1953@example.com,Pro,Credit Card,2,113.36,1,0.0154,0
CUST-1954,Rahul Kulkarni,user_1954@example.com,Enterprise,Bank Transfer,29,159.53,2,0.1166,1
CUST-1955,Vikram Mehta,user_1955@example.com,Pro,UPI,15,35.84,2,0.1975,1
CUST-1956,Rahul Patel,user_1956@example.com,Basic,Credit Card,12,125.94,1,0.1732,1
CUST-1957,Sneha Deshmukh,user_1957@example.com,Basic,Bank Transfer,37,45.86,1,0.1624,0
CUST-1958,Sneha Verma,user_1958@example.com,Pro,Credit Card,28,31.38,2,0.2283,0
CUST-1959,Neha Joshi,user_1959@example.com,Basic,Credit Card,20,34.23,2,0.0143,0
CUST-1960,Sneha Patel,user_1960@example.com,Pro,UPI,39,170.98,2,0.1437,1
CUST-1961,Priya Sharma,user_1961@example.com,Basic,UPI,24,45.65,0,0.199,0
CUST-1962,Sneha Joshi,user_1962@example.com,Basic,UPI,21,32.9,1,0.1399,0
CUST-1963,Amit Iyer,user_1963@example.com,Pro,Credit Card,10,101.63,2,0.0877,1
CUST-1964,Pooja Iyer,user_1964@example.com,Pro,UPI,46,172.7,3,0.0427,1
CUST-1965,Rohan Nair,user_1965@example.com,Pro,UPI,14,70.92,1,0.223,0
CUST-1966,Aarav Joshi,user_1966@example.com,Pro,Credit Card,37,98.8,2,0.123,0
CUST-1967,Pooja Nair,user_1967@example.com,Basic,Credit Card,18,31.99,0,0.2207,0
CUST-1968,Sneha Kulkarni,user_1968@example.com,Basic,Credit Card,24,103.59,1,0.1506,0
CUST-1969,Sneha Mehta,user_1969@example.com,Enterprise,Credit Card,14,126.08,3,0.1718,1
CUST-1970,Rohan Mehta,user_1970@example.com,Pro,Bank Transfer,34,124.91,0,0.203,0
CUST-1971,Aarav Nair,user_1971@example.com,Basic,UPI,58,83.17,2,0.1682,0
CUST-1972,Pooja Iyer,user_1972@example.com,Pro,Bank Transfer,12,80.22,1,0.1055,0
CUST-1973,Ananya Mehta,user_1973@example.com,Basic,Credit Card,22,43.66,3,0.1333,1
CUST-1974,Vikram Mehta,user_1974@example.com,Basic,UPI,56,89.19,0,0.2027,0
CUST-1975,Amit Joshi,user_1975@example.com,Basic,Credit Card,6,42.41,2,0.0997,0
CUST-1976,Amit Joshi,user_1976@example.com,Pro,Credit Card,36,159.15,1,0.1031,0
CUST-1977,Neha Joshi,user_1977@example.com,Pro,Credit Card,45,194.1,0,0.033,0
CUST-1978,Amit Joshi,user_1978@example.com,Basic,Credit Card,36,194.76,1,0.2295,1
CUST-1979,Neha Nair,user_1979@example.com,Enterprise,UPI,22,176.39,2,0.0318,1
CUST-1980,Aarav Joshi,user_1980@example.com,Basic,Bank Transfer,14,130.14,2,0.1656,1
CUST-1981,Vikram Kulkarni,user_1981@example.com,Basic,UPI,16,147.65,1,0.1092,1
CUST-1982,Priya Nair,user_1982@example.com,Basic,Credit Card,36,74.91,0,0.1073,0
CUST-1983,Rahul Kulkarni,user_1983@example.com,Basic,Credit Card,56,135.38,0,0.1731,0
CUST-1984,Rohan Joshi,user_1984@example.com,Basic,Credit Card,25,104.74,1,0.0261,0
CUST-1985,Amit Patel,user_1985@example.com,Pro,UPI,32,109.35,3,0.1525,1
CUST-1986,Rahul Kulkarni,user_1986@example.com,Pro,UPI,33,157.61,1,0.1953,1
CUST-1987,Pooja Sharma,user_1987@example.com,Pro,Bank Transfer,45,74.34,0,0.2088,0
CUST-1988,Rohan Patel,user_1988@example.com,Basic,Credit Card,36,80.66,0,0.0509,0
CUST-1989,Vikram Sharma,user_1989@example.com,Basic,UPI,20,186.81,2,0.2254,1
CUST-1990,Rahul Patel,user_1990@example.com,Basic,UPI,18,34.84,0,0.1675,0
CUST-1991,Aarav Iyer,user_1991@example.com,Basic,UPI,38,109.99,1,0.2216,0
CUST-1992,Vikram Sharma,user_1992@example.com,Pro,UPI,3,184.74,4,0.1265,1
CUST-1993,Ananya Deshmukh,user_1993@example.com,Basic,UPI,23,131.81,2,0.1401,1
CUST-1994,Rahul Iyer,user_1994@example.com,Pro,UPI,32,120.62,0,0.2306,0
CUST-1995,Pooja Reddy,user_1995@example.com,Enterprise,Credit Card,45,68.71,2,0.226,0
CUST-1996,Amit Reddy,user_1996@example.com,Basic,UPI,59,85.07,2,0.1176,0
CUST-1997,Priya Verma,user_1997@example.com,Pro,Credit Card,16,174.11,4,0.0759,1
CUST-1998,Rohan Deshmukh,user_1998@example.com,Pro,UPI,59,122.86,1,0.1044,0
CUST-1999,Priya Verma,user_1999@example.com,Pro,UPI,5,115.08,1,0.1031,1
